symbol,bid_size,bid,ask,ask_size,lastPrice,close,change,open,high,low,previous_close,turnover,volume,operations,datetime,underlying_asset,expiration,option_type,strike,date
ALUC1000DI,0,0.0,15.0,10,7.5,7.098,-0.017,5.34,7.5,4.64,7.63,27563.0,46,12,16:51:00,ALUA,2024-12-20,C,1000.0,2024-11-11
ALUC1050DI,0,0.0,0.0,0,3.5,3.5,0.3893999999999999,3.0,3.5,3.0,2.519,6500.0,20,3,16:59:00,ALUA,2024-12-20,C,1050.0,2024-11-11
ALUC1100DI,0,0.0,0.0,0,2.5,2.769,-0.551,2.0,3.0,2.0,5.568,352455.0,1653,14,16:52:00,ALUA,2024-12-20,C,1100.0,2024-11-11
ALUC1500DI,0,0.0,90.0,14,0.0,50.0,0.0,0.0,0.0,0.0,50.0,0.0,0,0,,ALUA,2024-12-20,C,1500.0,2024-11-11
ALUC550.DI,0,0.0,0.0,0,290.0,290.0,0.1110999999999999,289.93,290.0,278.89,261.0,18901968.0,668,106,16:58:00,ALUA,2024-12-20,C,550.0,2024-11-11
ALUC700.DI,0,0.0,0.0,0,150.0,149.6,0.1951999999999999,150.0,150.0,148.0,125.497,89800.0,6,4,15:40:00,ALUA,2024-12-20,C,700.0,2024-11-11
ALUC800.DI,0,0.0,0.0,0,64.18,64.18,-0.5573,62.0,64.18,61.05,145.0,131430.0,21,5,16:50:00,ALUA,2024-12-20,C,800.0,2024-11-11
ALUC800.FE,0,0.0,0.0,0,135.0,135.0,-0.0689,135.0,135.0,135.0,145.0,67500.0,5,1,16:38:00,ALUA,2025-02-21,C,800.0,2024-11-11
ALUC850.DI,0,0.0,0.0,0,41.0,41.0,0.1278999999999999,38.0,41.0,35.2,36.35,124972.0,33,10,16:21:00,ALUA,2024-12-20,C,850.0,2024-11-11
ALUC900.AB,0,0.0,0.0,0,79.7,70.05,-0.3069,60.4,79.7,60.4,115.0,14010.0,2,2,13:01:00,ALUA,2025-04-16,C,900.0,2024-11-11
ALUC900.DI,0,0.0,92.0,25,22.0,22.0,-0.1139,21.22,24.37,19.58,24.83,209777.0,102,15,16:51:00,ALUA,2024-12-20,C,900.0,2024-11-11
ALUC900.FE,0,0.0,0.0,0,115.0,115.0,0.15,150.0,150.0,115.0,100.0,49500.0,4,4,13:45:00,ALUA,2025-02-21,C,900.0,2024-11-11
ALUC950.DI,0,0.0,70.0,15,10.04,10.03,-0.1153999999999999,12.97,12.97,10.0,11.351,76416.0,71,12,15:55:00,ALUA,2024-12-20,C,950.0,2024-11-11
ALUV800.DI,0,0.0,0.0,0,36.0,33.066,0.3392,28.43,36.79,28.43,26.88,276438.6,92,21,14:13:00,ALUA,2024-12-20,P,800.0,2024-11-11
ALUV850.DI,0,0.0,0.0,0,67.08,67.01,0.6868000000000001,65.0,67.77,65.0,39.766,67010.0,10,6,14:12:00,ALUA,2024-12-20,P,850.0,2024-11-11
ALUV900.DI,0,0.0,0.0,0,96.17,96.147,0.0805,100.4,100.4,94.17,89.0,433627.0,44,14,14:13:00,ALUA,2024-12-20,P,900.0,2024-11-11
ALUV950.DI,0,0.0,0.0,0,135.0,135.0,-0.1562,135.0,135.0,135.0,160.0,13500.0,1,1,11:07:00,ALUA,2024-12-20,P,950.0,2024-11-11
BBAV4000AB,0,0.0,0.0,0,27.0,27.0,-0.3283,27.0,27.0,27.0,40.2,5400.0,2,1,15:47:00,BBAR,2025-04-16,P,4000.0,2024-11-11
BBAV5600FE,0,0.0,0.0,0,163.6,163.6,0.0906,163.6,163.6,163.6,150.0,163600.0,10,2,12:05:00,BBAR,2025-02-21,P,5600.0,2024-11-11
BHIC400.AB,0,0.0,0.0,0,99.0,99.0,-0.0526,99.0,99.0,99.0,104.5,89100.0,9,2,12:14:00,BHIP,2025-04-16,C,400.0,2024-11-11
BHIC440.AB,0,0.0,0.0,0,43.8,43.8,0.0,43.8,43.8,43.8,0.0,4380.0,1,1,15:30:00,BHIP,2025-04-16,C,440.0,2024-11-11
BYMC260.DI,0,0.0,0.0,0,81.91,81.91,-0.1467,72.06,81.91,71.56,96.0,556902.0,77,5,16:34:00,BYMA,2024-12-20,C,260.0,2024-11-11
CECC300.FE,0,0.0,0.0,0,126.2,126.2,0.5775,126.2,126.2,126.2,80.0,12620.0,1,1,16:55:00,CECO2,2025-02-21,C,300.0,2024-11-11
CECC360.DI,0,0.0,0.0,0,36.0,36.0,0.1612,36.0,36.0,36.0,31.0,180000.0,50,1,16:45:00,CECO2,2024-12-20,C,360.0,2024-11-11
CEPC1400DI,0,0.0,0.0,0,50.0,50.0,-0.6666,50.0,50.0,50.0,150.0,5000.0,1,1,14:48:00,CEPU,2024-12-20,C,1400.0,2024-11-11
COMC172.DI,0,0.0,125.0,5,97.2,97.2,0.0138,96.19,97.2,96.19,95.87,57815.0,6,6,16:32:00,COME,2024-12-20,C,172.0,2024-11-11
COMC172.FE,0,0.0,0.0,0,120.0,120.0,-0.0793,120.0,120.0,120.0,130.342,36000.0,3,3,15:07:00,COME,2025-02-21,C,172.0,2024-11-11
COMC180.DI,0,0.0,0.0,0,84.22,84.22,-0.023,84.22,84.22,84.22,86.21,8422.0,1,1,15:50:00,COME,2024-12-20,C,180.0,2024-11-11
COMC188.DI,0,0.0,0.0,0,79.78,80.283,-0.0327999999999999,80.28,81.79,79.78,82.49,481690.0,60,3,11:47:00,COME,2024-12-20,C,188.0,2024-11-11
COMC196.DI,0,0.0,0.0,0,73.0,73.0,-0.0549,73.0,73.0,73.0,77.247,36500.0,5,1,15:38:00,COME,2024-12-20,C,196.0,2024-11-11
COMC205.DI,0,0.0,0.0,0,65.0,65.0,-0.1772,65.156,66.5,65.0,79.0,270568.4,41,11,15:36:00,COME,2024-12-20,C,205.0,2024-11-11
COMC210.DI,0,0.0,0.0,0,58.0,58.161,-0.0254,59.68,61.45,58.0,59.512,2456918.3,416,32,16:28:00,COME,2024-12-20,C,210.0,2024-11-11
COMC220.DI,0,0.0,0.0,0,50.99,49.042,0.0192999999999999,53.963,53.963,49.0,50.022,923494.3,186,24,16:48:00,COME,2024-12-20,C,220.0,2024-11-11
COMC230.DI,0,0.0,0.0,0,47.056,47.056,0.0718,47.056,47.056,47.056,43.9,47056.0,10,1,11:42:00,COME,2024-12-20,C,230.0,2024-11-11
COMC240.DI,0,0.0,0.0,0,38.0,38.0,-0.05,36.01,38.0,35.0,40.0,1031427.5,293,24,16:48:00,COME,2024-12-20,C,240.0,2024-11-11
COMC250.DI,0,0.0,43.99,10,29.5,28.681,-0.0891,29.0,31.0,28.1,32.389,4378949.4,1514,131,16:59:00,COME,2024-12-20,C,250.0,2024-11-11
COMC250.FE,0,0.0,100.0,5,48.0,48.0,-0.1272,50.0,50.0,48.0,55.0,575600.0,119,4,15:54:00,COME,2025-02-21,C,250.0,2024-11-11
COMC260.AB,0,0.0,0.0,0,61.0,61.0,0.0892,67.0,67.0,61.0,56.0,12800.0,2,2,12:17:00,COME,2025-04-16,C,260.0,2024-11-11
COMC260.DI,0,0.0,114.0,3,24.0,23.547,-0.04,28.0,28.0,22.0,25.0,2499702.5,1059,95,16:58:00,COME,2024-12-20,C,260.0,2024-11-11
COMC270.DI,0,0.0,0.0,0,18.5,18.5,-0.1245,21.0,21.0,18.5,21.133,914064.0,475,63,16:59:00,COME,2024-12-20,C,270.0,2024-11-11
COMC280.AB,0,0.0,0.0,0,42.0,42.0,-0.2362999999999999,42.0,42.0,42.0,55.0,8400.0,2,2,14:08:00,COME,2025-04-16,C,280.0,2024-11-11
COMC280.DI,0,0.0,0.0,0,14.5,14.685,-0.1171,16.9,16.9,13.703,16.425,2929466.3,2022,126,16:59:00,COME,2024-12-20,C,280.0,2024-11-11
COMC280.FE,0,0.0,85.5,27,30.0,30.208,0.0344,29.0,32.0,26.0,29.0,1372558.0,443,103,16:59:00,COME,2025-02-21,C,280.0,2024-11-11
COMC290.DI,0,0.0,0.0,0,10.549,10.549,-0.0045,11.0,11.0,10.0,10.597,208346.8,198,20,16:57:00,COME,2024-12-20,C,290.0,2024-11-11
COMC300.AB,0,0.0,0.0,0,29.5,29.5,0.1259,29.5,29.5,29.5,26.2,2950.0,1,1,12:18:00,COME,2025-04-16,C,300.0,2024-11-11
COMC300.DI,0,0.0,19.7,10,7.9,7.794,-0.0686,9.0,9.0,7.0,8.482,3192024.1,4197,122,16:59:00,COME,2024-12-20,C,300.0,2024-11-11
COMC300.FE,0,0.0,0.0,0,23.2,20.86,0.1599,19.0,23.2,19.0,20.0,22760.0,11,5,14:19:00,COME,2025-02-21,C,300.0,2024-11-11
COMC310.AB,0,0.0,0.0,0,21.5,21.5,0.0,18.21,21.5,18.21,0.0,3971.0,2,2,13:20:00,COME,2025-04-16,C,310.0,2024-11-11
COMC310.DI,0,0.0,0.0,0,6.499,6.499,0.1924,5.5,6.499,4.509,5.45,28183.3,53,8,16:54:00,COME,2024-12-20,C,310.0,2024-11-11
COMC320.DI,0,0.0,10.0,10,3.979,3.979,-0.1157,2.39,4.1,2.39,4.5,28578.4,74,12,14:31:00,COME,2024-12-20,C,320.0,2024-11-11
COMC330.FE,0,0.0,0.0,0,7.0,7.0,-0.4165999999999999,7.0,7.0,7.0,12.0,700.0,1,1,13:39:00,COME,2025-02-21,C,330.0,2024-11-11
COMC350.DI,0,0.0,0.0,0,1.45,1.45,-0.152,1.01,1.9,1.01,1.71,163752.0,1084,19,16:51:00,COME,2024-12-20,C,350.0,2024-11-11
COMC400.DI,0,0.0,1.48,162,0.68,0.759,-0.0773,0.8,1.122,0.68,0.737,99786.8,1239,32,16:32:00,COME,2024-12-20,C,400.0,2024-11-11
COMC400.FE,274,1.1,10.0,100,0.0,4.0,0.0,0.0,0.0,0.0,4.0,0.0,0,0,,COME,2025-02-21,C,400.0,2024-11-11
COMV172.DI,49,0.15,0.0,0,0.15,0.15,-0.3478,0.23,0.23,0.15,0.23,12786.0,608,13,16:32:00,COME,2024-12-20,P,172.0,2024-11-11
COMV180.DI,95,0.15,0.0,0,0.15,0.15,-0.0066,0.15,0.15,0.15,0.151,30.0,2,1,14:12:00,COME,2024-12-20,P,180.0,2024-11-11
COMV188.DI,100,0.18,0.0,0,0.18,0.18,0.0,0.18,0.18,0.18,0.18,36.0,2,1,14:14:00,COME,2024-12-20,P,188.0,2024-11-11
COMV196.DI,75,0.19,0.0,0,0.275,0.275,0.1956,0.26,0.286,0.26,0.23,5363.6,201,9,16:42:00,COME,2024-12-20,P,196.0,2024-11-11
COMV205.DI,20,0.28,0.0,0,0.41,0.41,-0.1929,0.28,0.59,0.28,0.508,2776.0,66,14,16:57:00,COME,2024-12-20,P,205.0,2024-11-11
COMV210.DI,80,0.25,0.0,0,0.29,0.286,-0.4313,0.51,0.53,0.27,0.51,30848.3,682,32,16:28:00,COME,2024-12-20,P,210.0,2024-11-11
COMV220.DI,0,0.0,0.0,0,1.05,1.05,-0.1626,1.1,1.1,0.501,1.254,11939.6,115,13,16:12:00,COME,2024-12-20,P,220.0,2024-11-11
COMV230.DI,0,0.0,0.0,0,1.3,1.3,-0.509,2.65,2.65,1.201,2.648,55159.5,236,21,16:33:00,COME,2024-12-20,P,230.0,2024-11-11
COMV240.DI,0,0.0,0.0,0,4.8,4.8,0.408,3.983,4.8,3.73,3.409,32411.1,76,9,15:57:00,COME,2024-12-20,P,240.0,2024-11-11
COMV250.DI,0,0.0,0.0,0,4.101,7.182,-0.484,6.432,7.96,3.831,7.949,103435.4,173,51,16:31:00,COME,2024-12-20,P,250.0,2024-11-11
COMV260.DI,0,0.0,0.0,0,12.5,12.5,-0.1246,12.0,13.0,9.65,14.28,39705.6,35,12,16:49:00,COME,2024-12-20,P,260.0,2024-11-11
COMV270.DI,0,0.0,0.0,0,13.0,12.412,-0.3122,16.0,16.0,12.001,18.901,56602.0,43,14,16:39:00,COME,2024-12-20,P,270.0,2024-11-11
COMV300.DI,0,0.0,0.0,0,35.0,35.0,-0.2307,35.0,35.0,35.0,45.5,3500.0,1,1,13:06:00,COME,2024-12-20,P,300.0,2024-11-11
CREV1050AB,0,0.0,0.0,0,15.59,15.59,0.0,15.59,15.59,15.59,0.0,130956.0,84,2,12:52:00,CRES,2025-04-16,P,1050.0,2024-11-11
EDNC1700DI,0,0.0,0.0,0,180.0,180.0,-0.1821,180.0,180.0,180.0,220.1,126000.0,7,1,15:29:00,EDN,2024-12-20,C,1700.0,2024-11-11
EDNV1700DI,0,0.0,0.0,0,30.0,30.0,0.2396,30.0,30.0,30.0,24.2,6000.0,2,2,15:01:00,EDN,2024-12-20,P,1700.0,2024-11-11
GFGC3150DI,0,0.0,0.0,0,3261.58,3261.58,0.0318,3015.2,3261.58,3015.2,3160.93,72055325.0,228,98,15:48:00,GGAL,2024-12-20,C,3150.0,2024-11-11
GFGC36464D,0,0.0,0.0,0,2685.38,2678.693,-0.0033,2691.41,2711.48,2655.28,2694.306,12835262.0,48,27,14:49:00,GGAL,2024-12-20,C,36464.0,2024-11-11
GFGC37964D,0,0.0,0.0,0,2535.72,2535.72,-0.1239,2535.72,2535.72,2535.72,2894.608,253572.0,1,1,14:48:00,GGAL,2024-12-20,C,37964.0,2024-11-11
GFGC42964D,0,0.0,0.0,0,1986.71,2002.653,-0.0401999999999999,2027.45,2027.45,1986.71,2070.0,1401857.0,7,3,11:45:00,GGAL,2024-12-20,C,42964.0,2024-11-11
GFGC4600DI,0,0.0,0.0,0,1756.21,1756.21,-0.1181,1736.08,1756.21,1685.97,1991.51,2766714.0,16,4,12:08:00,GGAL,2024-12-20,C,4600.0,2024-11-11
GFGC4800DI,0,0.0,0.0,0,1694.999,1693.333,0.0272,1607.545,1694.999,1509.76,1650.0,7882870.8,50,19,16:54:00,GGAL,2024-12-20,C,4800.0,2024-11-11
GFGC5000DI,0,0.0,0.0,0,1394.179,1394.179,0.0049,1412.39,1412.39,1318.185,1387.28,3214225.3,23,7,14:51:00,GGAL,2024-12-20,C,5000.0,2024-11-11
GFGC5000FE,2,1600.0,0.0,0,1780.0,1780.0,-0.0630999999999999,1780.0,1780.0,1780.0,1900.0,356000.0,2,1,13:05:00,GGAL,2025-02-21,C,5000.0,2024-11-11
GFGC50964D,0,0.0,0.0,0,1400.0,1400.0,0.081,1331.06,1400.0,1229.856,1295.001,8048747.7,60,27,16:39:00,GGAL,2024-12-20,C,50964.0,2024-11-11
GFGC5400DI,0,0.0,0.0,0,1082.306,1081.153,-0.0283999999999999,1025.0,1159.175,1000.0,1114.0,30093596.2,293,23,16:23:00,GGAL,2024-12-20,C,5400.0,2024-11-11
GFGC5600DI,0,0.0,0.0,0,935.0,954.444,-0.0166,860.0,1010.0,835.0,950.844,10713498.0,121,11,16:34:00,GGAL,2024-12-20,C,5600.0,2024-11-11
GFGC5600FE,2,1155.0,0.0,0,0.0,1600.0,0.0,0.0,0.0,0.0,1600.0,0.0,0,0,,GGAL,2025-02-21,C,5600.0,2024-11-11
GFGC5800DI,0,0.0,1100.0,4,820.0,820.0,0.0214,655.001,820.0,655.0,802.8,9285181.9,125,43,16:59:00,GGAL,2024-12-20,C,5800.0,2024-11-11
GFGC58964D,0,0.0,1000.0,3,740.0,742.5,0.0302,625.0,760.0,620.0,718.247,18465924.5,263,53,16:59:00,GGAL,2024-12-20,C,58964.0,2024-11-11
GFGC60964D,0,0.0,900.0,5,610.11,613.455,0.0141999999999999,539.03,617.151,480.0,601.519,584279326.0,10788,1120,16:59:00,GGAL,2024-12-20,C,60964.0,2024-11-11
GFGC6200FE,0,0.0,0.0,0,930.0,945.0,0.0,900.0,950.0,870.0,930.0,11136499.9,125,27,16:53:00,GGAL,2025-02-21,C,6200.0,2024-11-11
GFGC6400DI,0,0.0,0.0,0,435.0,439.041,0.0123,430.0,449.0,341.0,429.693,442846998.2,11260,1336,16:59:00,GGAL,2024-12-20,C,6400.0,2024-11-11
GFGC6600AB,0,0.0,0.0,0,1200.0,1200.0,0.2,930.0,1200.0,930.0,1000.0,213000.0,2,2,16:46:00,GGAL,2025-04-16,C,6600.0,2024-11-11
GFGC6600DI,0,0.0,594.0,21,343.49,342.609,0.0172,330.0,348.45,265.0,337.65,561775107.7,18091,1346,16:59:00,GGAL,2024-12-20,C,6600.0,2024-11-11
GFGC6800DI,0,0.0,0.0,0,270.0,273.94,0.0109,259.0,290.0,206.971,267.063,110092985.3,4387,720,16:59:00,GGAL,2024-12-20,C,6800.0,2024-11-11
GFGC7000DI,0,0.0,500.0,5,204.0,205.941,0.0144999999999999,198.0,209.0,151.0,201.068,210806076.3,11187,1143,16:59:00,GGAL,2024-12-20,C,7000.0,2024-11-11
GFGC7000FE,0,0.0,0.0,0,699.0,631.286,0.0555,650.0,699.0,595.0,662.222,4202950.0,68,17,16:54:00,GGAL,2025-02-21,C,7000.0,2024-11-11
GFGC7200DI,0,0.0,0.0,0,155.0,154.491,0.0229,140.613,155.0,118.0,151.519,131644630.6,9643,983,16:59:00,GGAL,2024-12-20,C,7200.0,2024-11-11
GFGC7400DI,0,0.0,0.0,0,112.2,114.337,0.0108,103.21,115.0,65.99,110.991,39140056.1,3765,524,16:59:00,GGAL,2024-12-20,C,7400.0,2024-11-11
GFGC7400FE,0,0.0,670.0,1,550.0,550.0,0.0,0.0,0.0,0.0,550.0,0.0,0,0,,GGAL,2025-02-21,C,7400.0,2024-11-11
GFGC7600DI,3,78.0,99.0,5,82.22,84.756,0.0222,75.0,86.9,61.0,80.43,153147250.1,20134,1530,16:59:00,GGAL,2024-12-20,C,7600.0,2024-11-11
GFGC7600FE,0,0.0,500.0,1,399.999,400.0,0.0498,390.0,400.0,340.0,381.0,6244799.9,171,46,16:58:00,GGAL,2025-02-21,C,7600.0,2024-11-11
GFGC7800DI,0,0.0,0.0,0,60.989,59.972,0.0374,55.0,75.0,42.39,58.785,18989942.0,3295,585,16:59:00,GGAL,2024-12-20,C,7800.0,2024-11-11
GFGC8300DI,0,0.0,0.0,0,27.5,27.419,-0.0175,34.0,34.0,20.0,27.992,4174017.8,1669,101,16:57:00,GGAL,2024-12-20,C,8300.0,2024-11-11
GFGC8300FE,15,64.99,0.0,0,195.0,195.0,-0.1135999999999999,170.0,195.0,170.0,220.0,126500.0,7,3,16:52:00,GGAL,2025-02-21,C,8300.0,2024-11-11
GFGC8600DI,0,0.0,0.0,0,16.0,16.128,-0.1123,21.9,21.9,12.0,18.025,10324030.2,6915,539,16:59:00,GGAL,2024-12-20,C,8600.0,2024-11-11
GFGV3150DI,32,1.32,0.0,0,1.32,1.32,-0.2072,2.295,2.295,1.3,1.665,307322.1,2140,204,16:54:00,GGAL,2024-12-20,P,3150.0,2024-11-11
GFGV36464D,1,1.5,2.95,10,1.5,1.503,-0.1278999999999999,1.6,1.6,1.5,1.72,14500.2,93,34,13:32:00,GGAL,2024-12-20,P,36464.0,2024-11-11
GFGV37964D,36,1.45,0.0,0,1.45,1.45,-0.2368,2.495,2.495,1.45,1.9,56409.2,337,102,16:53:00,GGAL,2024-12-20,P,37964.0,2024-11-11
GFGV4050DI,33,1.35,0.0,0,1.85,1.833,-0.1084,2.999,2.999,1.35,2.075,492207.0,2624,498,16:50:00,GGAL,2024-12-20,P,4050.0,2024-11-11
GFGV4050FE,25,3.6,0.0,0,0.0,3.6,0.0,0.0,0.0,0.0,3.6,0.0,0,0,,GGAL,2025-02-21,P,4050.0,2024-11-11
GFGV4200DI,44,1.5,0.0,0,2.2,2.124,-0.1723,2.01,2.9,1.53,2.658,421726.8,2110,437,16:59:00,GGAL,2024-12-20,P,4200.0,2024-11-11
GFGV4200FE,22,3.75,0.0,0,0.0,3.75,0.0,0.0,0.0,0.0,3.75,0.0,0,0,,GGAL,2025-02-21,P,4200.0,2024-11-11
GFGV42964D,0,0.0,0.0,0,2.2,2.191,-0.2261,3.85,3.85,1.8,2.843,689515.6,2833,861,16:59:00,GGAL,2024-12-20,P,42964.0,2024-11-11
GFGV4400FE,30,4.35,0.0,0,0.0,0.0,0.0,0.0,0.0,0.0,0.0,0.0,0,0,,GGAL,2025-02-21,P,4400.0,2024-11-11
GFGV4600DI,0,0.0,0.0,0,3.0,2.838,-0.3329999999999999,5.949,5.949,2.5,4.498,821054.5,2261,576,16:59:00,GGAL,2024-12-20,P,4600.0,2024-11-11
GFGV4600FE,15,6.5,0.0,0,0.0,0.0,0.0,0.0,0.0,0.0,0.0,0.0,0,0,,GGAL,2025-02-21,P,4600.0,2024-11-11
GFGV4800DI,0,0.0,0.0,0,4.65,4.325,-0.2789,7.95,7.95,4.0,6.449,1102120.8,1860,411,16:59:00,GGAL,2024-12-20,P,4800.0,2024-11-11
GFGV5000DI,0,0.0,0.0,0,8.0,8.0,-0.3513,12.0,14.5,7.1,12.334,2585386.8,2475,521,16:59:00,GGAL,2024-12-20,P,5000.0,2024-11-11
GFGV50964D,0,0.0,0.0,0,11.5,11.259,-0.2824,16.0,19.99,10.87,16.027,9838426.4,6410,755,16:59:00,GGAL,2024-12-20,P,50964.0,2024-11-11
GFGV5400AB,0,0.0,0.0,0,90.0,90.0,0.2857,90.0,90.0,90.0,70.0,27000.0,3,3,15:22:00,GGAL,2025-04-16,P,5400.0,2024-11-11
GFGV5400DI,0,0.0,35.0,3,29.0,28.047,-0.2714,40.0,51.1,27.1,39.807,27104480.3,6857,940,16:59:00,GGAL,2024-12-20,P,5400.0,2024-11-11
GFGV5600DI,0,0.0,0.0,0,53.99,52.741,-0.2316,70.0,95.6,50.0,70.27,58055882.0,8436,873,16:59:00,GGAL,2024-12-20,P,5600.0,2024-11-11
GFGV5800DI,0,0.0,172.0,3,95.5,91.399,-0.1705999999999999,115.0,145.37,90.0,115.152,88903603.8,7739,716,16:59:00,GGAL,2024-12-20,P,5800.0,2024-11-11
GFGV5800FE,2,15.0,0.0,0,80.0,80.0,0.0,80.0,80.0,80.0,0.0,80000.0,10,1,12:19:00,GGAL,2025-02-21,P,5800.0,2024-11-11
GFGV58964D,0,0.0,0.0,0,115.0,116.1,-0.1699,124.646,177.6,115.0,138.548,45765680.8,3297,349,16:56:00,GGAL,2024-12-20,P,58964.0,2024-11-11
GFGV6000AB,0,0.0,0.0,0,185.4,185.4,0.0,185.4,185.4,185.4,0.0,18540.0,1,1,13:22:00,GGAL,2025-04-16,P,6000.0,2024-11-11
GFGV6000FE,0,0.0,0.0,0,190.0,190.0,0.0,190.0,190.0,190.0,0.0,19000.0,1,1,14:28:00,GGAL,2025-02-21,P,6000.0,2024-11-11
GFGV60964D,0,0.0,0.0,0,186.0,181.401,-0.1082,220.0,260.0,178.0,208.568,217329809.1,10027,1124,16:59:00,GGAL,2024-12-20,P,60964.0,2024-11-11
GFGV6200AB,0,0.0,0.0,0,250.01,250.005,0.0739,250.0,290.0,220.0,232.8,3069208.0,121,52,16:59:00,GGAL,2025-04-16,P,6200.0,2024-11-11
GFGV6400DI,10,120.0,425.0,1,310.0,306.143,-0.07,360.0,426.0,290.0,333.339,102960532.6,2947,404,16:59:00,GGAL,2024-12-20,P,6400.0,2024-11-11
GFGV6600AB,0,0.0,0.0,0,401.0,401.0,0.0343,401.0,401.0,401.0,387.7,80200.0,2,2,16:31:00,GGAL,2025-04-16,P,6600.0,2024-11-11
GFGV6600DI,0,0.0,0.0,0,430.0,430.0,-0.0273,492.999,574.0,430.0,442.103,21699560.3,479,73,16:35:00,GGAL,2024-12-20,P,6600.0,2024-11-11
GFGV6800DI,0,0.0,0.0,0,545.0,545.0,-0.0438,610.0,625.001,545.0,570.001,1374614.5,23,11,16:56:00,GGAL,2024-12-20,P,6800.0,2024-11-11
GFGV7000DI,0,0.0,0.0,0,770.0,770.0,-0.0886999999999999,760.0,850.0,750.0,845.0,1103499.9,14,13,16:23:00,GGAL,2024-12-20,P,7000.0,2024-11-11
HARC2100DI,0,0.0,0.0,0,105.8,105.8,0.2302,105.8,105.8,105.8,86.0,10580.0,1,1,16:46:00,HARG,2024-12-20,C,2100.0,2024-11-11
LOMC2400DI,0,0.0,0.0,0,89.9,89.9,0.2733,89.9,89.9,89.9,70.6,8990.0,1,1,16:11:00,LOMA,2024-12-20,C,2400.0,2024-11-11
PAMC2710DI,0,0.0,0.0,0,620.0,620.0,-0.0882,620.0,620.0,620.0,680.0,620000.0,10,2,11:46:00,PAMP,2024-12-20,C,2710.0,2024-11-11
PAMC2820DI,0,0.0,0.0,0,645.0,647.5,0.1365,650.0,650.0,645.0,567.5,129500.0,2,2,13:34:00,PAMP,2024-12-20,C,2820.0,2024-11-11
PAMC3200DI,0,0.0,0.0,0,260.0,260.0,0.04,265.0,265.0,222.29,250.0,511819.5,20,10,15:44:00,PAMP,2024-12-20,C,3200.0,2024-11-11
PAMC3300DI,0,0.0,0.0,0,217.0,218.0,0.3627,192.9,219.0,192.9,159.24,504778.9,25,12,16:57:00,PAMP,2024-12-20,C,3300.0,2024-11-11
PAMC3400DI,0,0.0,0.0,0,160.0,160.9,0.1033999999999999,149.99,161.0,149.99,145.0,1476896.7,95,21,16:58:00,PAMP,2024-12-20,C,3400.0,2024-11-11
PAMC3500DI,0,0.0,150.0,75,105.0,105.001,0.0218,113.07,120.0,95.0,102.75,2319533.3,222,48,16:59:00,PAMP,2024-12-20,C,3500.0,2024-11-11
PAMC3500FE,5,250.0,0.0,0,0.0,400.0,0.0,0.0,0.0,0.0,400.0,0.0,0,0,,PAMP,2025-02-21,C,3500.0,2024-11-11
PAMV2710DI,0,0.0,0.0,0,2.75,2.75,-0.0894,2.7,2.75,2.7,3.02,5450.0,20,2,11:34:00,PAMP,2024-12-20,P,2710.0,2024-11-11
PAMV2820DI,0,0.0,0.0,0,5.8,5.8,-0.0808,5.8,5.8,5.8,6.31,580.0,1,1,15:29:00,PAMP,2024-12-20,P,2820.0,2024-11-11
PAMV2930DI,0,0.0,0.0,0,12.41,12.41,0.1281,10.15,12.41,10.15,11.0,11506.0,10,2,11:54:00,PAMP,2024-12-20,P,2930.0,2024-11-11
PAMV3040DI,0,0.0,0.0,0,21.1,21.1,-0.1895,30.0,30.0,21.0,26.036,38430.0,14,3,16:04:00,PAMP,2024-12-20,P,3040.0,2024-11-11
PAMV3200DI,0,0.0,0.0,0,50.0,50.0,-0.4252,67.53,95.86,50.0,87.0,412795.0,56,7,16:51:00,PAMP,2024-12-20,P,3200.0,2024-11-11
PAMV3300DI,0,0.0,0.0,0,117.98,117.98,-0.2001,141.894,141.894,116.37,147.507,485032.8,36,10,15:28:00,PAMP,2024-12-20,P,3300.0,2024-11-11
TECC2000DI,0,0.0,0.0,0,650.0,650.0,0.0833,650.0,650.0,650.0,600.0,65000.0,1,1,16:26:00,TECO2,2024-12-20,C,2000.0,2024-11-11
TGNC30982D,4,100.0,0.0,0,0.0,520.0,0.0,0.0,0.0,0.0,520.0,0.0,0,0,,TGNO4,2024-12-20,C,30982.0,2024-11-11
TGSV4900FE,0,0.0,0.0,0,93.4,93.4,0.3303999999999999,93.4,93.4,93.4,70.2,9340.0,1,1,14:55:00,TGSU2,2025-02-21,P,4900.0,2024-11-11
TGSV5000FE,0,0.0,0.0,0,112.4,112.4,0.0,112.4,112.4,112.4,0.0,11240.0,1,1,14:56:00,TGSU2,2025-02-21,P,5000.0,2024-11-11
TGSV5200DI,0,0.0,0.0,0,160.0,160.0,0.0666,160.0,160.0,160.0,150.0,16000.0,1,1,15:59:00,TGSU2,2024-12-20,P,5200.0,2024-11-11
TXAC1000DI,0,0.0,0.0,0,6.0,6.0,0.0,3.75,6.0,3.5,6.0,39045.0,105,8,16:28:00,TXAR,2024-12-20,C,1000.0,2024-11-11
TXAC1100DI,100,0.3,0.0,0,0.0,10.0,0.0,0.0,0.0,0.0,10.0,0.0,0,0,,TXAR,2024-12-20,C,1100.0,2024-11-11
TXAC800.DI,0,0.0,0.0,0,51.9,51.9,-0.0019,52.0,52.0,46.0,52.0,323900.0,63,8,16:47:00,TXAR,2024-12-20,C,800.0,2024-11-11
TXAC800.FE,0,0.0,0.0,0,125.0,125.0,0.0,125.0,125.0,125.0,125.0,12500.0,1,1,14:35:00,TXAR,2025-02-21,C,800.0,2024-11-11
TXAC850.DI,0,0.0,0.0,0,17.9,17.9,-0.105,15.0,17.9,15.0,20.0,19890.0,13,3,14:50:00,TXAR,2024-12-20,C,850.0,2024-11-11
UA0C68.0NO,0,0.0,0.0,0,0.6,0.6,0.0,0.6,0.6,0.6,0.0,276.0,46,2,12:21:00,AL30D,2024-11-28,,0.0,2024-11-11
YPFC22400D,0,0.0,0.0,0,11123.68,11123.68,-0.2014,11123.68,11123.68,11123.68,13929.08,2224736.0,2,1,11:49:00,YPFD,2024-12-20,C,22400.0,2024-11-11
YPFC24600D,0,0.0,0.0,0,10494.93,10494.93,0.021,10494.93,10494.93,10494.93,10278.15,1049493.0,1,1,15:22:00,YPFD,2024-12-20,C,24600.0,2024-11-11
YPFC29000D,0,0.0,0.0,0,6800.0,6799.967,0.2380999999999999,6499.0,7000.0,6499.0,5492.005,5339890.0,8,6,16:49:00,YPFD,2024-12-20,C,29000.0,2024-11-11
YPFC30100D,0,0.0,0.0,0,5787.81,5646.452,0.1601,4000.0,5787.81,4000.0,4988.889,23011280.8,44,17,16:42:00,YPFD,2024-12-20,C,30100.0,2024-11-11
YPFC31600D,0,0.0,0.0,0,4500.0,4500.0,0.1538,3600.0,4500.0,3600.0,3900.0,10524699.9,26,17,16:49:00,YPFD,2024-12-20,C,31600.0,2024-11-11
YPFC33100D,0,0.0,0.0,0,3360.0,3360.0,0.206,2400.0,3360.0,2100.0,2785.863,15742181.0,54,23,16:53:00,YPFD,2024-12-20,C,33100.0,2024-11-11
YPFC34600D,0,0.0,0.0,0,2440.0,2440.0,0.1902,1878.83,2450.0,1440.33,2050.0,20327253.3,100,31,16:59:00,YPFD,2024-12-20,C,34600.0,2024-11-11
YPFC36100D,0,0.0,0.0,0,1600.0,1600.0,0.28,1136.27,1600.0,892.32,1250.0,6179764.0,47,21,16:56:00,YPFD,2024-12-20,C,36100.0,2024-11-11
YPFC37600D,0,0.0,0.0,0,1100.0,1122.083,0.2941,880.0,1200.0,599.0,850.001,15530900.0,169,63,16:59:00,YPFD,2024-12-20,C,37600.0,2024-11-11
YPFC37600F,0,0.0,0.0,0,2600.0,2600.0,0.1672,2000.0,2800.0,2000.0,2227.5,1940000.0,8,6,16:57:00,YPFD,2025-02-21,C,37600.0,2024-11-11
YPFC39000D,0,0.0,0.0,0,780.0,780.0,0.5837,475.95,780.0,379.24,492.5,16580085.0,352,17,16:59:00,YPFD,2024-12-20,C,39000.0,2024-11-11
YPFC40500D,0,0.0,0.0,0,460.0,460.0,0.8326,276.18,460.0,257.04,251.0,3124044.0,83,25,16:58:00,YPFD,2024-12-20,C,40500.0,2024-11-11
YPFV24600D,0,0.0,0.0,0,5.7,5.7,0.14,5.7,5.7,5.7,5.0,1710.0,3,1,13:51:00,YPFD,2024-12-20,P,24600.0,2024-11-11
YPFV25700D,0,0.0,0.0,0,15.5,15.5,-0.2954,15.5,15.5,15.5,22.0,4650.0,3,1,13:55:00,YPFD,2024-12-20,P,25700.0,2024-11-11
YPFV26800D,0,0.0,0.0,0,45.0,45.0,-0.1,57.08,89.0,45.0,50.0,228477.0,39,12,15:22:00,YPFD,2024-12-20,P,26800.0,2024-11-11
YPFV27900D,0,0.0,0.0,0,70.0,70.0,-0.2764,132.66,178.0,70.0,96.75,416746.0,33,15,16:59:00,YPFD,2024-12-20,P,27900.0,2024-11-11
YPFV29000D,2,80.0,600.0,12,127.0,127.5,-0.365,230.0,230.0,120.0,200.0,1111874.2,54,15,16:43:00,YPFD,2024-12-20,P,29000.0,2024-11-11
YPFV30100D,0,0.0,0.0,0,282.02,282.02,-0.187,370.0,385.0,282.02,346.89,852034.2,25,5,15:20:00,YPFD,2024-12-20,P,30100.0,2024-11-11
YPFV31600D,0,0.0,0.0,0,618.63,618.63,-0.0092,876.1,880.0,618.63,624.41,2563014.1,32,9,15:00:00,YPFD,2024-12-20,P,31600.0,2024-11-11
YPFV33100D,0,0.0,0.0,0,810.0,810.0,-0.2767,1261.0,1626.9,810.0,1120.0,1204164.0,10,9,16:49:00,YPFD,2024-12-20,P,33100.0,2024-11-11
ALUC1000DI,0,0.0,15.0,10,5.12,5.882,-0.2786,7.08,7.08,5.0,7.098,254888.6,458,23,16:43:00,ALUA,2024-12-20,C,1000.0,2024-11-12
ALUC1050DI,0,0.0,0.0,0,3.3,3.3,-0.0571,3.78,3.8,2.8,3.5,12620.0,37,7,15:55:00,ALUA,2024-12-20,C,1050.0,2024-11-12
ALUC1100DI,0,0.0,0.0,0,2.2,2.2,-0.2054,2.0,2.2,2.0,2.769,305800.0,1455,6,14:51:00,ALUA,2024-12-20,C,1100.0,2024-11-12
ALUC1500DI,0,0.0,90.0,14,0.0,50.0,0.0,0.0,0.0,0.0,50.0,0.0,0,0,,ALUA,2024-12-20,C,1500.0,2024-11-12
ALUC550.DI,0,0.0,0.0,0,287.3,287.3,-0.0093,294.32,294.32,285.1,290.0,13435930.0,465,142,15:47:00,ALUA,2024-12-20,C,550.0,2024-11-12
ALUC700.DI,0,0.0,0.0,0,150.0,149.147,0.0026,153.75,153.75,140.0,149.6,2660437.0,179,24,16:33:00,ALUA,2024-12-20,C,700.0,2024-11-12
ALUC800.DI,0,0.0,0.0,0,65.0,63.903,0.0127,66.31,67.65,60.15,64.18,316384.0,50,7,15:12:00,ALUA,2024-12-20,C,800.0,2024-11-12
ALUC800.FE,0,0.0,0.0,0,126.0,126.0,-0.0666,126.0,126.0,126.0,135.0,163800.0,13,1,16:39:00,ALUA,2025-02-21,C,800.0,2024-11-12
ALUC850.DI,0,0.0,0.0,0,39.69,37.846,-0.0319,40.0,40.0,37.0,41.0,346068.0,91,16,16:40:00,ALUA,2024-12-20,C,850.0,2024-11-12
ALUC900.DI,0,0.0,92.0,25,23.0,23.0,0.0454,22.11,23.43,21.0,22.0,108364.0,49,13,16:56:00,ALUA,2024-12-20,C,900.0,2024-11-12
ALUC900.FE,0,0.0,0.0,0,90.0,90.0,-0.2173,90.0,90.0,90.0,115.0,9000.0,1,1,12:46:00,ALUA,2025-02-21,C,900.0,2024-11-12
ALUC950.DI,0,0.0,70.0,15,9.2,9.425,-0.0827,11.04,11.04,9.2,10.03,220074.0,223,14,16:28:00,ALUA,2024-12-20,C,950.0,2024-11-12
ALUV750.DI,0,0.0,0.0,0,13.04,12.493,2.2599,10.24,13.04,10.16,4.0,89071.0,77,9,16:38:00,ALUA,2024-12-20,P,750.0,2024-11-12
ALUV850.DI,0,0.0,0.0,0,53.73,56.17,-0.1981,54.37,58.61,53.73,67.01,67107.0,12,4,16:23:00,ALUA,2024-12-20,P,850.0,2024-11-12
ALUV900.DI,0,0.0,0.0,0,94.11,94.11,-0.0210999999999999,86.5,94.11,85.7,96.147,1233394.0,138,34,16:54:00,ALUA,2024-12-20,P,900.0,2024-11-12
BBAV4200AB,0,0.0,0.0,0,23.126,23.126,-0.5848,23.126,23.126,23.126,55.7,13875.6,6,2,14:52:00,BBAR,2025-04-16,P,4200.0,2024-11-12
BHIC36941D,0,0.0,0.0,0,75.0,75.0,0.0135,75.0,75.0,75.0,74.0,52500.0,7,1,15:12:00,BHIP,2024-12-20,C,36941.0,2024-11-12
BHIC400.FE,0,0.0,0.0,0,85.0,85.0,0.0625,85.0,85.0,85.0,80.0,102000.0,12,2,16:53:00,BHIP,2025-02-21,C,400.0,2024-11-12
BHIC40941D,0,0.0,0.0,0,45.0,45.0,0.6071,33.0,45.0,33.0,28.0,622500.0,165,4,16:43:00,BHIP,2024-12-20,C,40941.0,2024-11-12
BHIC440.AB,0,0.0,0.0,0,65.3,65.3,0.4907999999999999,50.5,65.3,50.5,43.8,11580.0,2,2,16:36:00,BHIP,2025-04-16,C,440.0,2024-11-12
BYMC260.DI,0,0.0,0.0,0,79.08,79.08,-0.0345,79.08,79.08,79.08,81.91,47448.0,6,2,12:58:00,BYMA,2024-12-20,C,260.0,2024-11-12
BYMC380.DI,1,7.5,0.0,0,5.0,5.0,-0.7142000000000001,5.0,5.0,5.0,17.5,500.0,1,1,12:09:00,BYMA,2024-12-20,C,380.0,2024-11-12
COMC172.DI,0,0.0,125.0,5,81.921,81.921,-0.1571,81.921,81.921,81.921,97.2,8192.1,1,1,16:04:00,COME,2024-12-20,C,172.0,2024-11-12
COMC172.FE,50,85.0,0.0,0,110.0,110.0,-0.0833,110.0,110.0,110.0,120.0,110000.0,10,1,13:35:00,COME,2025-02-21,C,172.0,2024-11-12
COMC180.DI,0,0.0,0.0,0,81.319,81.319,-0.0344,81.319,81.319,81.319,84.22,187033.7,23,1,14:20:00,COME,2024-12-20,C,180.0,2024-11-12
COMC188.DI,5,52.0,0.0,0,71.288,71.288,-0.1119999999999999,72.049,72.801,71.288,80.283,179202.3,25,4,14:59:00,COME,2024-12-20,C,188.0,2024-11-12
COMC196.DI,5,50.0,0.0,0,64.0,64.0,-0.1232,64.0,64.0,64.0,73.0,121600.0,19,5,16:55:00,COME,2024-12-20,C,196.0,2024-11-12
COMC205.DI,5,27.0,0.0,0,54.0,54.0,-0.1692,56.01,56.534,54.0,65.0,1166994.5,216,20,16:57:00,COME,2024-12-20,C,205.0,2024-11-12
COMC210.DI,0,0.0,0.0,0,51.25,51.25,-0.1188,52.0,52.2,50.55,58.161,729265.0,143,7,16:50:00,COME,2024-12-20,C,210.0,2024-11-12
COMC220.DI,0,0.0,0.0,0,40.97,40.973,-0.1644999999999999,43.0,43.0,40.97,49.042,16794.6,4,3,14:51:00,COME,2024-12-20,C,220.0,2024-11-12
COMC230.DI,0,0.0,0.0,0,31.15,31.15,-0.3379999999999999,31.15,31.15,31.15,47.056,146405.0,47,3,16:16:00,COME,2024-12-20,C,230.0,2024-11-12
COMC240.DI,0,0.0,0.0,0,28.0,31.418,-0.2631,35.0,39.0,25.0,38.0,2170696.9,743,59,16:56:00,COME,2024-12-20,C,240.0,2024-11-12
COMC250.DI,0,0.0,43.99,10,22.7,22.475,-0.2085,25.266,25.266,21.0,28.681,12078592.3,5336,254,16:59:00,COME,2024-12-20,C,250.0,2024-11-12
COMC250.FE,0,0.0,100.0,5,41.0,41.0,-0.1458,45.0,45.0,41.0,48.0,423600.0,100,4,16:54:00,COME,2025-02-21,C,250.0,2024-11-12
COMC260.AB,0,0.0,0.0,0,60.0,60.0,-0.0163,60.0,60.0,60.0,61.0,6000.0,1,1,16:55:00,COME,2025-04-16,C,260.0,2024-11-12
COMC260.DI,0,0.0,114.0,3,18.0,17.526,-0.2355,24.999,25.0,17.332,23.547,4189602.8,2291,125,16:57:00,COME,2024-12-20,C,260.0,2024-11-12
COMC270.DI,0,0.0,0.0,0,13.622,14.51,-0.2636,17.0,18.0,13.622,18.5,2570013.0,1706,95,16:53:00,COME,2024-12-20,C,270.0,2024-11-12
COMC280.AB,0,0.0,0.0,0,42.0,41.5,0.0,40.0,42.0,40.0,42.0,12300.0,3,3,16:58:00,COME,2025-04-16,C,280.0,2024-11-12
COMC280.DI,0,0.0,0.0,0,10.0,10.021,-0.319,14.75,14.75,9.75,14.685,3120316.0,2733,117,16:57:00,COME,2024-12-20,C,280.0,2024-11-12
COMC280.FE,0,0.0,85.5,27,27.0,27.941,-0.1061,30.2,31.96,25.0,30.208,1437217.0,530,56,16:59:00,COME,2025-02-21,C,280.0,2024-11-12
COMC290.DI,0,0.0,0.0,0,8.0,7.819,-0.2416,10.5,10.5,6.2,10.549,236867.0,299,23,16:57:00,COME,2024-12-20,C,290.0,2024-11-12
COMC300.DI,1200,3.5,19.7,10,6.2,6.096,-0.2045,7.5,7.5,5.7,7.794,4368133.5,7017,166,16:59:00,COME,2024-12-20,C,300.0,2024-11-12
COMC300.FE,1200,1.5,0.0,0,19.0,19.0,-0.0891,19.0,19.0,18.1,20.86,69220.0,37,6,16:51:00,COME,2025-02-21,C,300.0,2024-11-12
COMC310.DI,0,0.0,0.0,0,5.159,4.931,-0.2061,6.4,6.4,4.0,6.499,95569.9,200,21,16:46:00,COME,2024-12-20,C,310.0,2024-11-12
COMC320.DI,0,0.0,10.0,10,3.1,3.1,-0.2208999999999999,3.98,3.98,2.8,3.979,113562.0,367,27,16:48:00,COME,2024-12-20,C,320.0,2024-11-12
COMC350.DI,0,0.0,0.0,0,0.95,0.936,-0.3448,2.003,2.04,0.9,1.45,338425.6,3234,63,16:58:00,COME,2024-12-20,C,350.0,2024-11-12
COMC400.DI,0,0.0,1.48,162,0.5,0.5,-0.3411999999999999,0.6,0.72,0.352,0.759,99585.0,2032,40,16:57:00,COME,2024-12-20,C,400.0,2024-11-12
COMC400.FE,274,1.1,10.0,100,0.0,4.0,0.0,0.0,0.0,0.0,4.0,0.0,0,0,,COME,2025-02-21,C,400.0,2024-11-12
COMV172.DI,48,0.15,0.0,0,0.15,0.15,0.0,0.15,0.15,0.15,0.15,15.0,1,1,12:52:00,COME,2024-12-20,P,172.0,2024-11-12
COMV180.DI,95,0.15,0.0,0,0.21,0.21,0.4,0.21,0.21,0.21,0.15,12600.0,600,6,14:48:00,COME,2024-12-20,P,180.0,2024-11-12
COMV188.DI,99,0.18,0.0,0,0.235,0.235,0.3055,0.235,0.235,0.18,0.18,1193.0,51,4,16:07:00,COME,2024-12-20,P,188.0,2024-11-12
COMV196.DI,65,0.19,0.0,0,0.295,0.276,0.0727,0.27,0.41,0.19,0.275,8220.0,301,9,16:09:00,COME,2024-12-20,P,196.0,2024-11-12
COMV205.DI,0,0.0,0.0,0,1.2,1.178,1.9268,0.295,1.2,0.295,0.41,24634.6,588,47,16:40:00,COME,2024-12-20,P,205.0,2024-11-12
COMV210.DI,80,0.25,0.0,0,0.972,0.974,2.3986,0.37,1.339,0.37,0.286,143376.6,1428,61,16:33:00,COME,2024-12-20,P,210.0,2024-11-12
COMV220.DI,0,0.0,0.0,0,1.55,1.55,0.4760999999999999,1.05,1.55,0.78,1.05,29185.0,231,42,16:00:00,COME,2024-12-20,P,220.0,2024-11-12
COMV230.DI,0,0.0,0.0,0,3.499,3.417,1.6915,1.75,3.5,1.75,1.3,111375.9,357,29,16:56:00,COME,2024-12-20,P,230.0,2024-11-12
COMV240.DI,0,0.0,0.0,0,8.156,6.406,0.6990999999999999,4.8,8.156,2.8,4.8,190110.4,329,34,16:52:00,COME,2024-12-20,P,240.0,2024-11-12
COMV250.DI,0,0.0,0.0,0,10.046,10.234,0.3987,7.18,15.0,7.18,7.182,492637.1,489,53,16:57:00,COME,2024-12-20,P,250.0,2024-11-12
COMV260.DI,0,0.0,0.0,0,17.5,16.969,0.4,12.5,17.5,12.0,12.5,128149.5,87,16,16:07:00,COME,2024-12-20,P,260.0,2024-11-12
COMV280.DI,0,0.0,0.0,0,33.0,33.0,0.0312,33.0,33.0,33.0,32.0,33000.0,10,1,16:39:00,COME,2024-12-20,P,280.0,2024-11-12
EDNC1400DI,0,0.0,0.0,0,502.78,502.78,0.4307,502.78,502.78,502.78,351.4,100556.0,2,1,16:22:00,EDN,2024-12-20,C,1400.0,2024-11-12
EDNV1700DI,0,0.0,0.0,0,35.5,35.5,0.1833,35.5,35.5,35.5,30.0,21300.0,6,2,12:30:00,EDN,2024-12-20,P,1700.0,2024-11-12
GFGC3150DI,0,0.0,0.0,0,3285.079,3259.996,0.0072,3298.49,3298.49,3178.089,3261.58,82606364.4,257,74,14:11:00,GGAL,2024-12-20,C,3150.0,2024-11-12
GFGC36464D,0,0.0,0.0,0,2721.78,2721.78,0.016,2721.78,2721.78,2711.75,2678.693,3262124.0,12,6,13:03:00,GGAL,2024-12-20,C,36464.0,2024-11-12
GFGC37964D,0,0.0,0.0,0,2571.869,2597.668,0.0141999999999999,2601.968,2601.969,2571.869,2535.72,1818367.9,7,3,12:44:00,GGAL,2024-12-20,C,37964.0,2024-11-12
GFGC4050DI,0,0.0,0.0,0,2388.979,2388.979,-0.0172,2318.739,2388.979,2318.739,2431.0,702645.7,3,2,14:03:00,GGAL,2024-12-20,C,4050.0,2024-11-12
GFGC4800DI,0,0.0,0.0,0,1694.24,1694.24,0.0005,1635.039,1749.0,1588.383,1693.333,3141277.8,19,11,16:37:00,GGAL,2024-12-20,C,4800.0,2024-11-12
GFGC5000DI,0,0.0,0.0,0,1464.024,1464.024,0.05,1464.024,1464.024,1464.024,1394.179,2196036.0,15,6,13:57:00,GGAL,2024-12-20,C,5000.0,2024-11-12
GFGC5000FE,2,1600.0,0.0,0,1780.0,1780.0,0.0,0.0,0.0,0.0,1780.0,0.0,0,0,,GGAL,2025-02-21,C,5000.0,2024-11-12
GFGC50964D,0,0.0,0.0,0,1450.0,1450.0,0.0356999999999999,1400.0,1450.0,1330.0,1400.0,7783696.8,56,22,16:19:00,GGAL,2024-12-20,C,50964.0,2024-11-12
GFGC5400DI,0,0.0,0.0,0,1150.0,1187.495,0.0636,1085.0,1200.0,1049.999,1081.153,41342355.6,380,75,16:23:00,GGAL,2024-12-20,C,5400.0,2024-11-12
GFGC5600DI,0,0.0,0.0,0,1039.99,1046.35,0.0896,912.01,1070.54,869.999,954.444,7454417.9,75,33,16:37:00,GGAL,2024-12-20,C,5600.0,2024-11-12
GFGC5600FE,2,1155.0,0.0,0,0.0,1600.0,0.0,0.0,0.0,0.0,1600.0,0.0,0,0,,GGAL,2025-02-21,C,5600.0,2024-11-12
GFGC5800DI,0,0.0,1100.0,4,894.667,853.896,0.091,749.4,894.667,749.4,820.0,5414231.0,65,19,16:29:00,GGAL,2024-12-20,C,5800.0,2024-11-12
GFGC58964D,0,0.0,1000.0,3,776.0,776.0,0.0451,600.01,891.0,600.01,742.5,14328357.8,181,41,16:59:00,GGAL,2024-12-20,C,58964.0,2024-11-12
GFGC60964D,0,0.0,900.0,5,635.0,639.024,0.0351,603.84,667.0,537.0,613.455,318375166.1,5351,828,16:59:00,GGAL,2024-12-20,C,60964.0,2024-11-12
GFGC6200FE,0,0.0,0.0,0,1000.0,998.75,0.0582,945.0,1000.0,900.0,945.0,8311199.9,89,23,16:46:00,GGAL,2025-02-21,C,6200.0,2024-11-12
GFGC6400DI,0,0.0,0.0,0,460.03,464.439,0.0478,431.0,489.499,386.07,439.041,458314306.6,10390,1271,16:59:00,GGAL,2024-12-20,C,6400.0,2024-11-12
GFGC6600AB,0,0.0,0.0,0,905.0,905.0,-0.2458,905.0,905.0,905.0,1200.0,90500.0,1,1,13:41:00,GGAL,2025-04-16,C,6600.0,2024-11-12
GFGC6600DI,0,0.0,800.0,1,360.0,367.748,0.0507,328.15,388.0,305.011,342.609,432141581.3,12452,1166,16:59:00,GGAL,2024-12-20,C,6600.0,2024-11-12
GFGC6800DI,0,0.0,0.0,0,283.0,288.486,0.033,275.0,310.0,238.0,273.94,112027993.8,4018,666,16:59:00,GGAL,2024-12-20,C,6800.0,2024-11-12
GFGC6800FE,0,0.0,0.0,0,700.0,709.5,0.4,719.0,719.0,700.0,500.0,141900.0,2,2,16:08:00,GGAL,2025-02-21,C,6800.0,2024-11-12
GFGC7000DI,0,0.0,500.0,5,213.0,219.433,0.0342,200.0,240.0,186.15,205.941,610604116.5,28776,2260,16:59:00,GGAL,2024-12-20,C,7000.0,2024-11-12
GFGC7000FE,0,0.0,0.0,0,648.0,607.2,0.0264,710.0,710.0,550.0,631.286,4028100.0,66,14,16:04:00,GGAL,2025-02-21,C,7000.0,2024-11-12
GFGC7200DI,0,0.0,0.0,0,162.0,167.4,0.0486,150.0,182.01,138.0,154.491,130325534.4,8290,859,16:59:00,GGAL,2024-12-20,C,7200.0,2024-11-12
GFGC7200FE,0,0.0,0.0,0,520.0,520.0,-0.2571,520.0,520.0,520.0,700.0,1040000.0,20,7,16:43:00,GGAL,2025-02-21,C,7200.0,2024-11-12
GFGC7400DI,0,0.0,0.0,0,123.05,127.101,0.0762,129.781,138.12,96.33,114.337,42434918.8,3499,642,16:59:00,GGAL,2024-12-20,C,7400.0,2024-11-12
GFGC7400FE,0,0.0,670.0,1,450.0,450.0,-0.1818,430.0,470.0,430.0,550.0,1605000.0,35,5,16:43:00,GGAL,2025-02-21,C,7400.0,2024-11-12
GFGC7600DI,0,0.0,110.0,1,90.1,93.621,0.063,82.0,105.0,68.0,84.756,289438749.9,32651,2026,16:59:00,GGAL,2024-12-20,C,7600.0,2024-11-12
GFGC7600FE,0,0.0,500.0,1,385.0,387.0,-0.0375,380.0,425.0,370.0,400.0,4083230.0,103,16,16:51:00,GGAL,2025-02-21,C,7600.0,2024-11-12
GFGC7800DI,0,0.0,0.0,0,66.0,67.123,0.1005,59.999,73.84,48.0,59.972,30768138.3,4996,687,16:59:00,GGAL,2024-12-20,C,7800.0,2024-11-12
GFGC8000FE,0,0.0,0.0,0,250.0,250.0,0.0,250.0,250.0,250.0,0.0,750000.0,30,2,12:26:00,GGAL,2025-02-21,C,8000.0,2024-11-12
GFGC8300DI,0,0.0,0.0,0,29.0,29.603,0.0576,30.87,33.5,19.001,27.419,4133564.0,1495,218,16:58:00,GGAL,2024-12-20,C,8300.0,2024-11-12
GFGC8300FE,15,64.99,0.0,0,200.0,200.0,0.0256,199.0,200.0,180.0,195.0,1613900.0,82,11,16:43:00,GGAL,2025-02-21,C,8300.0,2024-11-12
GFGC8600DI,0,0.0,0.0,0,17.5,17.593,0.085,17.0,19.99,11.5,16.128,7233229.0,4898,504,16:59:00,GGAL,2024-12-20,C,8600.0,2024-11-12
GFGV3150DI,42,1.0,0.0,0,1.01,1.263,-0.2348,1.32,1.515,1.0,1.32,233552.1,1974,127,16:59:00,GGAL,2024-12-20,P,3150.0,2024-11-12
GFGV36464D,37,1.15,0.0,0,1.15,1.15,-0.2348,1.42,1.499,1.15,1.503,42305.2,324,38,16:38:00,GGAL,2024-12-20,P,36464.0,2024-11-12
GFGV37964D,40,1.16,0.0,0,1.16,1.16,-0.2,1.45,1.955,1.16,1.45,39618.0,306,44,16:38:00,GGAL,2024-12-20,P,37964.0,2024-11-12
GFGV4050DI,100,0.2,0.0,0,1.42,1.42,-0.2253,1.35,1.85,1.2,1.833,204027.4,1505,146,16:58:00,GGAL,2024-12-20,P,4050.0,2024-11-12
GFGV4050FE,20,3.6,0.0,0,3.6,3.6,0.0,3.6,3.6,3.6,3.6,1800.0,5,1,11:52:00,GGAL,2025-02-21,P,4050.0,2024-11-12
GFGV4200DI,0,0.0,0.0,0,1.25,1.28,-0.4114,1.7,1.9,1.25,2.124,520458.7,3467,257,16:59:00,GGAL,2024-12-20,P,4200.0,2024-11-12
GFGV4200FE,22,3.75,0.0,0,0.0,3.75,0.0,0.0,0.0,0.0,3.75,0.0,0,0,,GGAL,2025-02-21,P,4200.0,2024-11-12
GFGV42964D,0,0.0,0.0,0,1.4,1.419,-0.361,1.5,2.35,1.4,2.191,332389.7,1906,657,16:59:00,GGAL,2024-12-20,P,42964.0,2024-11-12
GFGV4400FE,30,4.35,0.0,0,0.0,0.0,0.0,0.0,0.0,0.0,0.0,0.0,0,0,,GGAL,2025-02-21,P,4400.0,2024-11-12
GFGV4600DI,0,0.0,0.0,0,2.02,2.142,-0.2882,2.8,3.0,2.02,2.838,454142.1,1697,488,16:59:00,GGAL,2024-12-20,P,4600.0,2024-11-12
GFGV4600FE,15,6.5,0.0,0,0.0,0.0,0.0,0.0,0.0,0.0,0.0,0.0,0,0,,GGAL,2025-02-21,P,4600.0,2024-11-12
GFGV4800DI,0,0.0,0.0,0,3.0,3.07,-0.3063,4.65,4.88,3.0,4.325,671211.1,1884,234,16:59:00,GGAL,2024-12-20,P,4800.0,2024-11-12
GFGV5000DI,0,0.0,0.0,0,6.15,6.032,-0.2312,8.25,9.5,5.5,8.0,2413640.0,3553,523,16:59:00,GGAL,2024-12-20,P,5000.0,2024-11-12
GFGV50964D,0,0.0,0.0,0,8.75,8.503,-0.2228,11.5,12.5,8.081,11.259,12546279.8,13069,672,16:59:00,GGAL,2024-12-20,P,50964.0,2024-11-12
GFGV5400AB,0,0.0,0.0,0,80.0,78.333,-0.1110999999999999,75.0,80.0,75.0,90.0,23500.0,3,2,12:49:00,GGAL,2025-04-16,P,5400.0,2024-11-12
GFGV5400DI,0,0.0,0.0,0,24.2,23.095,-0.1371,31.0,31.829,22.0,28.047,14715627.1,5609,693,16:59:00,GGAL,2024-12-20,P,5400.0,2024-11-12
GFGV5600DI,0,0.0,0.0,0,46.78,45.573,-0.113,55.95,60.001,43.011,52.741,37239818.7,7188,853,16:59:00,GGAL,2024-12-20,P,5600.0,2024-11-12
GFGV5800DI,0,0.0,172.0,3,83.5,81.199,-0.0864,95.0,104.0,75.0,91.399,55536205.8,6209,700,16:59:00,GGAL,2024-12-20,P,5800.0,2024-11-12
GFGV5800FE,2,15.0,0.0,0,80.0,80.0,0.0,0.0,0.0,0.0,80.0,0.0,0,0,,GGAL,2025-02-21,P,5800.0,2024-11-12
GFGV58964D,0,0.0,170.0,72,105.001,104.901,-0.0955,117.001,132.0,100.0,116.1,20424305.5,1824,322,16:59:00,GGAL,2024-12-20,P,58964.0,2024-11-12
GFGV60964D,0,0.0,0.0,0,165.0,164.971,-0.0904,190.0,210.0,158.94,181.401,164702241.2,9024,1095,16:59:00,GGAL,2024-12-20,P,60964.0,2024-11-12
GFGV6200AB,0,0.0,0.0,0,260.0,260.0,0.0399,250.0,260.0,250.0,250.005,201100.0,8,6,16:03:00,GGAL,2025-04-16,P,6200.0,2024-11-12
GFGV6200FE,0,0.0,0.0,0,325.0,325.0,-0.0951999999999999,255.0,325.0,255.0,359.2,109000.0,4,2,14:13:00,GGAL,2025-02-21,P,6200.0,2024-11-12
GFGV6400AB,0,0.0,515.0,1,350.31,350.31,0.0008,396.0,400.0,350.31,350.0,154631.0,4,4,15:08:00,GGAL,2025-04-16,P,6400.0,2024-11-12
GFGV6400DI,10,120.0,425.0,1,292.0,290.865,-0.0461,334.0,360.0,278.18,306.143,89070503.1,2813,483,16:58:00,GGAL,2024-12-20,P,6400.0,2024-11-12
GFGV6400FE,0,0.0,0.0,0,300.0,300.0,0.0,300.0,300.0,300.0,0.0,90000.0,3,1,12:48:00,GGAL,2025-02-21,P,6400.0,2024-11-12
GFGV6600DI,0,0.0,0.0,0,388.5,386.169,-0.0965,430.0,455.0,383.11,430.0,4466429.3,107,47,16:59:00,GGAL,2024-12-20,P,6600.0,2024-11-12
GFGV6600FE,0,0.0,0.0,0,450.0,450.0,0.0,450.0,450.0,450.0,0.0,45000.0,1,1,12:48:00,GGAL,2025-02-21,P,6600.0,2024-11-12
GFGV6800DI,0,0.0,0.0,0,550.0,550.0,0.0091,550.0,550.0,550.0,545.0,165000.0,3,1,14:08:00,GGAL,2024-12-20,P,6800.0,2024-11-12
GFGV6800FE,0,0.0,0.0,0,545.001,545.001,0.0,540.0,545.001,540.0,0.0,108500.1,2,2,16:23:00,GGAL,2025-02-21,P,6800.0,2024-11-12
GFGV7000DI,0,0.0,0.0,0,770.0,770.0,0.0,770.0,770.0,770.0,770.0,77000.0,1,1,12:59:00,GGAL,2024-12-20,P,7000.0,2024-11-12
LOMC2400AB,0,0.0,800.0,7,0.0,0.0,0.0,0.0,0.0,0.0,0.0,0.0,0,0,,LOMA,2025-04-16,C,2400.0,2024-11-12
PAMC2260DI,0,0.0,0.0,0,1109.7,1109.7,0.1041,1109.7,1109.7,1109.7,1005.0,110970.0,1,1,13:57:00,PAMP,2024-12-20,C,2260.0,2024-11-12
PAMC3040DI,0,0.0,0.0,0,425.0,425.0,0.2142,380.0,425.0,380.0,350.0,2010000.0,48,45,16:39:00,PAMP,2024-12-20,C,3040.0,2024-11-12
PAMC3040FE,0,0.0,0.0,0,550.0,550.0,-0.0833,550.0,550.0,550.0,600.0,495000.0,9,3,16:58:00,PAMP,2025-02-21,C,3040.0,2024-11-12
PAMC3300DI,0,0.0,0.0,0,252.7,263.153,0.1591,211.14,268.06,211.0,218.0,1027489.0,42,31,16:45:00,PAMP,2024-12-20,C,3300.0,2024-11-12
PAMC3400AB,0,0.0,0.0,0,410.0,410.0,0.0,410.0,410.0,410.0,0.0,82000.0,2,2,16:05:00,PAMP,2025-04-16,C,3400.0,2024-11-12
PAMC3400DI,0,0.0,0.0,0,181.16,198.391,0.1259,139.82,205.0,139.82,160.9,2120144.0,111,49,16:46:00,PAMP,2024-12-20,C,3400.0,2024-11-12
PAMC3500AB,0,0.0,0.0,0,385.0,385.0,0.0,385.0,385.0,385.0,0.0,38500.0,1,1,16:05:00,PAMP,2025-04-16,C,3500.0,2024-11-12
PAMC3500DI,0,0.0,150.0,75,127.0,127.0,0.2095,124.64,135.0,102.0,105.001,3718204.0,310,87,16:58:00,PAMP,2024-12-20,C,3500.0,2024-11-12
PAMC3500FE,5,250.0,0.0,0,0.0,400.0,0.0,0.0,0.0,0.0,400.0,0.0,0,0,,PAMP,2025-02-21,C,3500.0,2024-11-12
PAMC3900DI,0,0.0,0.0,0,38.0,36.0,0.0,27.16,38.0,27.16,0.0,16232.0,5,3,16:02:00,PAMP,2024-12-20,C,3900.0,2024-11-12
PAMV3040DI,0,0.0,0.0,0,6.49,7.86,-0.6923999999999999,27.68,27.68,6.49,21.1,67806.2,53,44,16:39:00,PAMP,2024-12-20,P,3040.0,2024-11-12
PAMV3200DI,0,0.0,0.0,0,40.0,42.11,-0.2,47.38,66.58,31.5,50.0,2589323.0,701,32,16:43:00,PAMP,2024-12-20,P,3200.0,2024-11-12
PAMV3300DI,0,0.0,0.0,0,115.0,115.0,-0.0252,75.34,115.0,75.34,117.98,1736132.0,202,69,16:57:00,PAMP,2024-12-20,P,3300.0,2024-11-12
PAMV3400DI,0,0.0,0.0,0,118.66,107.142,-0.3585,127.0,156.882,90.41,185.0,758510.6,65,43,16:43:00,PAMP,2024-12-20,P,3400.0,2024-11-12
SUPC2100NO,0,0.0,0.0,0,189.0,189.0,-0.055,189.0,189.0,189.0,200.0,56700.0,3,1,16:18:00,SUPV,2024-11-15,C,2100.0,2024-11-12
TGNC30982D,4,100.0,0.0,0,0.0,520.0,0.0,0.0,0.0,0.0,520.0,0.0,0,0,,TGNO4,2024-12-20,C,30982.0,2024-11-12
TGSC6300DI,0,0.0,0.0,0,75.0,74.5,0.0,75.0,75.0,70.0,0.0,43400.0,6,5,13:47:00,TGSU2,2024-12-20,C,6300.0,2024-11-12
TGSV4700AB,0,0.0,0.0,0,85.0,85.0,0.282,78.3,100.0,78.3,66.3,43330.0,5,3,14:03:00,TGSU2,2025-04-16,P,4700.0,2024-11-12
TGSV4900FE,0,0.0,0.0,0,76.0,76.0,-0.1862,76.0,76.0,76.0,93.4,15200.0,2,2,13:53:00,TGSU2,2025-02-21,P,4900.0,2024-11-12
TRAC2300DI,0,0.0,0.0,0,32.4,32.4,0.0,32.4,32.4,32.4,0.0,9720.0,3,1,13:57:00,TRAN,2024-12-20,C,2300.0,2024-11-12
TRAV2000DI,0,0.0,0.0,0,61.1,61.1,0.2244,61.1,61.1,61.1,49.9,6110.0,1,1,15:23:00,TRAN,2024-12-20,P,2000.0,2024-11-12
TXAC1000DI,0,0.0,0.0,0,4.0,4.0,-0.3333,7.0,7.0,3.0,6.0,142232.0,438,12,16:36:00,TXAR,2024-12-20,C,1000.0,2024-11-12
TXAC1100DI,100,0.3,0.0,0,0.0,10.0,0.0,0.0,0.0,0.0,10.0,0.0,0,0,,TXAR,2024-12-20,C,1100.0,2024-11-12
TXAC800.DI,0,0.0,0.0,0,45.0,45.0,-0.1329,49.0,49.0,30.0,51.9,114800.0,32,5,16:49:07,TXAR,2024-12-20,C,800.0,2024-11-12
UA0C66.0EN,0,0.0,0.0,0,3.1,3.1,0.0,3.1,3.1,3.1,0.0,3100.0,100,1,16:34:00,AL30D,2025-01-30,,0.0,2024-11-12
YPFC22400D,0,0.0,0.0,0,12454.24,12454.24,0.1196,12454.24,12454.24,12454.24,11123.68,1245424.0,1,1,15:20:00,YPFD,2024-12-20,C,22400.0,2024-11-12
YPFC24600D,0,0.0,0.0,0,10868.21,10868.21,0.0355,10868.21,10868.21,10868.21,10494.93,2173642.0,2,1,16:21:00,YPFD,2024-12-20,C,24600.0,2024-11-12
YPFC27900D,0,0.0,0.0,0,7749.68,7749.68,-0.0064,7749.68,7749.68,7749.68,7800.0,774968.0,1,1,15:54:00,YPFD,2024-12-20,C,27900.0,2024-11-12
YPFC29000D,0,0.0,0.0,0,6400.0,6400.0,-0.0588,6885.63,6885.63,6400.0,6799.967,1968563.0,3,2,16:21:00,YPFD,2024-12-20,C,29000.0,2024-11-12
YPFC30100D,0,0.0,0.0,0,5200.0,5200.0,-0.079,5200.0,5200.0,5200.0,5646.452,520000.0,1,1,15:20:00,YPFD,2024-12-20,C,30100.0,2024-11-12
YPFC31600D,0,0.0,0.0,0,4650.0,4650.0,0.0333,4500.0,4650.0,4399.13,4500.0,3179169.0,7,7,16:58:00,YPFD,2024-12-20,C,31600.0,2024-11-12
YPFC33100D,0,0.0,0.0,0,3550.0,3550.0,0.0565,3150.0,3550.0,3000.0,3360.0,3872066.0,12,10,16:58:00,YPFD,2024-12-20,C,33100.0,2024-11-12
YPFC34600D,0,0.0,0.0,0,2550.0,2550.0,0.045,2405.08,2550.0,2100.0,2440.0,8514480.1,39,19,16:39:00,YPFD,2024-12-20,C,34600.0,2024-11-12
YPFC36100D,0,0.0,0.0,0,1700.001,1700.001,0.0625,1600.0,1750.0,1516.44,1600.0,18115991.9,109,19,16:51:00,YPFD,2024-12-20,C,36100.0,2024-11-12
YPFC37600D,1,860.0,0.0,0,1200.0,1192.983,0.0694,1006.82,1200.0,950.0,1122.083,18425472.0,169,52,16:55:00,YPFD,2024-12-20,C,37600.0,2024-11-12
YPFC39000D,0,0.0,0.0,0,800.0,800.0,0.0256,780.0,840.0,700.0,780.0,3582777.0,49,19,16:57:00,YPFD,2024-12-20,C,39000.0,2024-11-12
YPFC40500D,0,0.0,0.0,0,510.0,510.0,0.1085999999999999,601.69,601.69,420.0,460.0,1605097.0,32,15,16:49:00,YPFD,2024-12-20,C,40500.0,2024-11-12
YPFV24600D,0,0.0,0.0,0,5.5,5.5,-0.035,5.5,5.5,5.5,5.7,2750.0,5,1,12:51:00,YPFD,2024-12-20,P,24600.0,2024-11-12
YPFV25700D,0,0.0,0.0,0,10.9,10.9,-0.2967,10.9,10.9,10.9,15.5,4360.0,4,2,11:33:00,YPFD,2024-12-20,P,25700.0,2024-11-12
YPFV26800D,0,0.0,0.0,0,20.1,20.1,-0.5533,38.0,38.0,20.1,45.0,7820.0,3,2,11:46:00,YPFD,2024-12-20,P,26800.0,2024-11-12
YPFV27900D,0,0.0,0.0,0,61.8,61.65,-0.1171,82.34,88.0,61.0,70.0,274763.8,37,16,16:39:00,YPFD,2024-12-20,P,27900.0,2024-11-12
YPFV29000D,0,0.0,600.0,12,120.0,120.0,-0.0588,123.0,150.0,100.0,127.5,212900.2,18,10,16:57:00,YPFD,2024-12-20,P,29000.0,2024-11-12
YPFV30100D,0,0.0,0.0,0,223.0,224.179,-0.2092,290.07,290.07,223.0,282.02,930787.4,39,15,16:58:00,YPFD,2024-12-20,P,30100.0,2024-11-12
YPFV31600D,0,0.0,0.0,0,470.0,472.5,-0.2402,568.62,589.0,470.0,618.63,822420.0,16,13,16:35:00,YPFD,2024-12-20,P,31600.0,2024-11-12
YPFV33100D,0,0.0,0.0,0,876.74,878.37,0.0823,901.96,1135.81,729.19,810.0,2353844.0,26,13,16:35:00,YPFD,2024-12-20,P,33100.0,2024-11-12
YPFV36100D,0,0.0,0.0,0,1936.44,1936.44,0.0,2250.0,2250.0,1936.44,0.0,418644.0,2,2,16:49:00,YPFD,2024-12-20,P,36100.0,2024-11-12
ALUC1000DI,0,0.0,15.0,10,5.23,5.23,-0.1108,5.23,5.23,5.23,5.882,523.0,1,1,16:22:00,ALUA,2024-12-20,C,1000.0,2024-11-13
ALUC1050DI,0,0.0,0.0,0,2.281,2.923,-0.3087,2.799,3.0,2.281,3.3,3508.0,12,3,16:37:52,ALUA,2024-12-20,C,1050.0,2024-11-13
ALUC1500DI,0,0.0,90.0,14,0.0,50.0,0.0,0.0,0.0,0.0,50.0,0.0,0,0,,ALUA,2024-12-20,C,1500.0,2024-11-13
ALUC550.DI,0,0.0,0.0,0,280.66,280.66,-0.0231,282.67,282.67,280.66,287.3,589587.0,21,4,15:34:00,ALUA,2024-12-20,C,550.0,2024-11-13
ALUC700.DI,0,0.0,0.0,0,139.0,137.167,-0.068,144.0,144.0,134.23,149.147,1125444.2,83,24,16:59:00,ALUA,2024-12-20,C,700.0,2024-11-13
ALUC800.DI,0,0.0,0.0,0,56.0,57.425,-0.1235999999999999,60.13,60.13,56.0,63.903,29524.0,5,3,13:57:00,ALUA,2024-12-20,C,800.0,2024-11-13
ALUC800.FE,0,0.0,0.0,0,145.0,145.0,0.1507,145.0,145.0,145.0,126.0,130500.0,9,2,16:55:00,ALUA,2025-02-21,C,800.0,2024-11-13
ALUC900.FE,0,0.0,0.0,0,75.0,75.0,-0.1666,89.0,89.0,75.0,90.0,16400.0,2,2,16:30:00,ALUA,2025-02-21,C,900.0,2024-11-13
ALUC950.DI,0,0.0,70.0,15,9.0,9.0,-0.045,9.999,11.0,9.0,9.425,39899.9,40,7,15:57:00,ALUA,2024-12-20,C,950.0,2024-11-13
ALUV700.DI,0,0.0,0.0,0,6.77,6.77,0.9342,4.5,6.999,4.5,3.5,36992.6,56,19,16:38:00,ALUA,2024-12-20,P,700.0,2024-11-13
ALUV750.DI,0,0.0,0.0,0,12.37,12.37,-0.0098,11.96,12.37,11.96,12.493,12288.0,10,2,15:15:00,ALUA,2024-12-20,P,750.0,2024-11-13
ALUV800.DI,0,0.0,0.0,0,32.0,32.0,-0.0322,32.0,32.0,32.0,33.066,32000.0,10,1,13:07:00,ALUA,2024-12-20,P,800.0,2024-11-13
ALUV850.DI,0,0.0,0.0,0,56.42,56.595,0.0044,57.12,57.76,56.42,56.17,170505.0,30,12,15:51:00,ALUA,2024-12-20,P,850.0,2024-11-13
ALUV900.DI,0,0.0,0.0,0,93.04,96.105,-0.0113,94.0,98.37,76.0,94.11,3000722.0,320,28,16:22:00,ALUA,2024-12-20,P,900.0,2024-11-13
BBAV5800DI,0,0.0,0.0,0,87.1,87.1,-0.4556,87.1,87.1,87.1,160.0,87100.0,10,2,16:17:00,BBAR,2024-12-20,P,5800.0,2024-11-13
BHIC40941D,0,0.0,0.0,0,52.0,52.0,0.1555,51.0,52.0,51.0,45.0,310100.0,60,3,16:00:00,BHIP,2024-12-20,C,40941.0,2024-11-13
BHIC440.AB,0,0.0,0.0,0,75.5,75.5,0.1562,75.5,75.5,75.5,65.3,7550.0,1,1,14:47:00,BHIP,2025-04-16,C,440.0,2024-11-13
BHIC44941D,0,0.0,0.0,0,15.0,15.0,-0.2857,15.0,15.0,15.0,21.0,4500.0,3,1,11:26:00,BHIP,2024-12-20,C,44941.0,2024-11-13
BMAV8000AB,0,0.0,0.0,0,140.0,139.133,0.0,138.7,140.0,138.7,0.0,41740.0,3,3,15:24:00,BMA,2025-04-16,P,8000.0,2024-11-13
BYMC260.DI,0,0.0,0.0,0,88.33,88.33,0.1168999999999999,88.33,88.33,88.33,79.08,618310.0,70,3,16:03:00,BYMA,2024-12-20,C,260.0,2024-11-13
BYMC380.DI,0,0.0,28.5,2,7.5,7.5,0.5,7.5,7.5,7.5,5.0,750.0,1,1,14:20:00,BYMA,2024-12-20,C,380.0,2024-11-13
CECC360.DI,0,0.0,0.0,0,100.0,100.0,1.7777,84.8,100.0,84.8,36.0,434000.0,51,2,13:52:00,CECO2,2024-12-20,C,360.0,2024-11-13
CECC400.DI,0,0.0,0.0,0,22.0,22.0,0.0,22.0,22.0,22.0,0.0,264000.0,120,1,12:08:00,CECO2,2024-12-20,C,400.0,2024-11-13
CEPC1400DI,0,0.0,0.0,0,230.0,230.0,3.6,195.0,230.0,195.0,50.0,686000.0,31,14,16:43:00,CEPU,2024-12-20,C,1400.0,2024-11-13
CEPC1500DI,0,0.0,0.0,0,165.0,165.0,0.0,165.0,165.0,165.0,0.0,330000.0,20,2,16:30:00,CEPU,2024-12-20,C,1500.0,2024-11-13
COMC172.DI,0,0.0,125.0,5,78.0,78.0,-0.0478,84.29,84.79,77.0,81.921,2724194.0,346,156,16:59:00,COME,2024-12-20,C,172.0,2024-11-13
COMC172.FE,50,85.0,0.0,0,99.0,99.63,-0.1,100.0,103.0,97.0,110.0,2157000.0,215,13,16:52:00,COME,2025-02-21,C,172.0,2024-11-13
COMC180.DI,0,0.0,0.0,0,75.0,75.0,-0.0776999999999999,67.56,75.0,67.56,81.319,180282.0,25,16,15:48:00,COME,2024-12-20,C,180.0,2024-11-13
COMC188.DI,5,52.0,0.0,0,65.82,65.82,-0.0767,64.31,67.83,64.31,71.288,545399.0,83,8,16:05:00,COME,2024-12-20,C,188.0,2024-11-13
COMC196.DI,5,50.0,0.0,0,59.0,59.0,-0.0781,59.0,59.0,55.101,64.0,203510.1,35,7,15:01:00,COME,2024-12-20,C,196.0,2024-11-13
COMC205.DI,5,27.0,0.0,0,50.0,50.0,-0.074,54.0,54.0,49.369,54.0,694169.0,138,65,16:26:00,COME,2024-12-20,C,205.0,2024-11-13
COMC210.DI,0,0.0,0.0,0,45.0,45.0,-0.1219,45.0,45.5,42.5,51.25,415500.0,92,87,16:58:00,COME,2024-12-20,C,210.0,2024-11-13
COMC220.DI,0,0.0,0.0,0,38.541,38.541,-0.0593,38.54,38.541,38.54,40.973,42395.0,11,2,16:18:00,COME,2024-12-20,C,220.0,2024-11-13
COMC230.DI,5,22.0,0.0,0,29.0,29.0,-0.069,31.0,31.0,25.1,31.15,2707973.0,934,17,16:29:00,COME,2024-12-20,C,230.0,2024-11-13
COMC240.DI,0,0.0,0.0,0,24.0,23.7,-0.2361,25.0,26.0,22.2,31.418,1751550.8,755,48,16:59:00,COME,2024-12-20,C,240.0,2024-11-13
COMC250.DI,0,0.0,43.99,10,18.6,18.519,-0.1724,24.0,24.0,16.9,22.475,6473595.3,3365,190,16:59:00,COME,2024-12-20,C,250.0,2024-11-13
COMC250.FE,0,0.0,100.0,5,40.0,40.0,-0.0243,34.0,44.0,34.0,41.0,2813240.0,729,35,16:52:00,COME,2025-02-21,C,250.0,2024-11-13
COMC260.AB,0,0.0,0.0,0,60.0,60.0,0.0,50.0,60.0,50.0,60.0,37000.0,7,3,14:40:00,COME,2025-04-16,C,260.0,2024-11-13
COMC260.DI,10,10.0,114.0,3,14.87,14.534,-0.1515,17.99,17.99,12.468,17.526,2052872.3,1387,68,16:59:00,COME,2024-12-20,C,260.0,2024-11-13
COMC270.DI,0,0.0,13.0,50,11.5,11.585,-0.2073999999999999,13.001,13.001,8.0,14.51,2119860.1,1899,100,16:59:00,COME,2024-12-20,C,270.0,2024-11-13
COMC280.AB,0,0.0,0.0,0,40.0,40.0,-0.0361,43.8,43.8,40.0,41.5,8380.0,2,2,16:58:00,COME,2025-04-16,C,280.0,2024-11-13
COMC280.DI,0,0.0,0.0,0,8.14,8.14,-0.1877,9.176,9.9,7.1,10.021,2693943.2,3247,90,16:59:00,COME,2024-12-20,C,280.0,2024-11-13
COMC280.FE,0,0.0,85.5,27,25.6,25.608,-0.0837,24.5,28.0,24.5,27.941,4880432.6,1878,97,16:59:00,COME,2025-02-21,C,280.0,2024-11-13
COMC290.DI,0,0.0,0.0,0,6.3,6.3,-0.1942,6.2,6.5,5.5,7.819,141585.2,235,18,16:52:00,COME,2024-12-20,C,290.0,2024-11-13
COMC300.DI,1200,3.5,19.7,10,4.5,4.575,-0.2618,6.0,6.0,4.1,6.096,3653603.2,8062,145,16:58:00,COME,2024-12-20,C,300.0,2024-11-13
COMC300.FE,1200,1.5,0.0,0,17.0,17.0,-0.1052,17.0,18.0,17.0,19.0,265020.0,153,10,16:57:00,COME,2025-02-21,C,300.0,2024-11-13
COMC310.DI,0,0.0,0.0,0,3.826,3.781,-0.2239999999999999,3.0,3.899,2.0,4.931,27705.6,101,14,15:37:00,COME,2024-12-20,C,310.0,2024-11-13
COMC320.AB,0,0.0,0.0,0,15.9,15.9,0.0,12.5,15.9,12.5,0.0,2840.0,2,2,16:59:00,COME,2025-04-16,C,320.0,2024-11-13
COMC320.DI,0,0.0,10.0,10,2.398,2.302,-0.2264,2.4,2.4,1.9,3.1,137744.6,659,28,15:24:00,COME,2024-12-20,C,320.0,2024-11-13
COMC330.AB,0,0.0,0.0,0,10.9,10.9,0.0,10.9,10.9,10.9,0.0,1090.0,1,1,14:29:00,COME,2025-04-16,C,330.0,2024-11-13
COMC330.FE,0,0.0,0.0,0,6.0,6.0,-0.1427999999999999,6.0,6.0,6.0,7.0,600.0,1,1,11:57:00,COME,2025-02-21,C,330.0,2024-11-13
COMC350.DI,0,0.0,0.0,0,0.7,0.7,-0.2521,1.0,1.0,0.7,0.936,273079.1,3493,45,16:52:00,COME,2024-12-20,C,350.0,2024-11-13
COMC400.DI,0,0.0,1.48,162,0.5,0.5,0.0,0.3,0.5,0.3,0.5,23613.0,524,20,16:59:00,COME,2024-12-20,C,400.0,2024-11-13
COMC400.FE,274,1.1,10.0,100,0.0,4.0,0.0,0.0,0.0,0.0,4.0,0.0,0,0,,COME,2025-02-21,C,400.0,2024-11-13
COMV172.DI,93,0.08,0.0,0,0.08,0.08,-0.4665999999999999,0.15,0.15,0.08,0.15,1361.0,100,100,16:59:00,COME,2024-12-20,P,172.0,2024-11-13
COMV180.DI,47,0.15,0.0,0,0.15,0.15,-0.2857,0.15,0.2,0.15,0.21,740.0,49,49,16:58:00,COME,2024-12-20,P,180.0,2024-11-13
COMV188.DI,98,0.18,0.0,0,0.18,0.18,-0.2339999999999999,0.22,0.235,0.18,0.235,16198.0,731,12,14:02:00,COME,2024-12-20,P,188.0,2024-11-13
COMV196.DI,65,0.19,0.0,0,0.285,0.285,0.0326,0.27,0.285,0.27,0.276,15990.0,590,7,13:04:00,COME,2024-12-20,P,196.0,2024-11-13
COMV205.DI,0,0.0,0.0,0,1.36,1.48,0.1543999999999999,0.595,1.9,0.595,1.178,15147.2,158,63,16:38:00,COME,2024-12-20,P,205.0,2024-11-13
COMV210.DI,80,0.25,0.0,0,2.135,2.118,1.1919,0.93,2.5,0.93,0.974,51562.0,278,61,16:55:00,COME,2024-12-20,P,210.0,2024-11-13
COMV220.DI,0,0.0,0.0,0,2.25,2.25,0.4515999999999999,1.4,3.9,1.4,1.55,71672.0,389,56,16:58:00,COME,2024-12-20,P,220.0,2024-11-13
COMV230.DI,0,0.0,0.0,0,5.22,5.14,0.5276,2.8,5.404,2.8,3.417,24310.4,60,11,16:57:00,COME,2024-12-20,P,230.0,2024-11-13
COMV240.DI,0,0.0,0.0,0,8.6,8.599,0.3424,8.001,8.632,8.0,6.406,15662.5,19,8,16:59:00,COME,2024-12-20,P,240.0,2024-11-13
COMV250.DI,0,0.0,0.0,0,13.0,13.258,0.2702,14.0,17.5,12.159,10.234,106096.4,78,25,16:59:00,COME,2024-12-20,P,250.0,2024-11-13
COMV260.DI,0,0.0,0.0,0,20.0,19.513,0.1785999999999999,17.0,21.999,17.0,16.969,167300.2,88,24,16:58:00,COME,2024-12-20,P,260.0,2024-11-13
CREC12247D,0,0.0,0.0,0,55.3,55.3,0.0317,55.3,55.3,55.3,53.6,5530.0,1,1,15:57:00,CRES,2024-12-20,C,12247.0,2024-11-13
CREV1000AB,0,0.0,0.0,0,6.18,6.18,-0.2961,6.18,6.18,6.18,8.78,77868.0,126,2,14:30:00,CRES,2025-04-16,P,1000.0,2024-11-13
EDNC1600DI,0,0.0,0.0,0,453.8,453.8,0.2965,453.8,453.8,453.8,350.0,90760.0,2,1,15:30:00,EDN,2024-12-20,C,1600.0,2024-11-13
EDNC2100DI,0,0.0,0.0,0,63.1,63.1,0.0,63.1,63.1,63.1,0.0,12620.0,2,1,15:31:00,EDN,2024-12-20,C,2100.0,2024-11-13
EDNV1800DI,0,0.0,0.0,0,35.0,35.0,-0.2239,35.0,35.0,35.0,45.1,7000.0,2,1,16:45:00,EDN,2024-12-20,P,1800.0,2024-11-13
GFGC4200DI,0,0.0,0.0,0,1850.0,2367.727,-0.2627,2490.0,2500.0,1850.0,2509.214,5209000.0,22,4,16:55:00,GGAL,2024-12-20,C,4200.0,2024-11-13
GFGC4800DI,0,0.0,0.0,0,1737.0,1737.0,0.0252,1720.0,1770.0,1700.0,1694.24,3792800.0,22,11,15:56:00,GGAL,2024-12-20,C,4800.0,2024-11-13
GFGC5000DI,0,0.0,0.0,0,1575.0,1565.0,0.0758,1500.0,1575.0,1500.0,1464.024,618500.0,4,4,16:30:00,GGAL,2024-12-20,C,5000.0,2024-11-13
GFGC5000FE,2,1600.0,0.0,0,0.0,1780.0,0.0,0.0,0.0,0.0,1780.0,0.0,0,0,,GGAL,2025-02-21,C,5000.0,2024-11-13
GFGC50964D,0,0.0,0.0,0,1502.18,1500.362,0.0359,1499.99,1502.18,1442.0,1450.0,4294288.4,29,12,14:42:00,GGAL,2024-12-20,C,50964.0,2024-11-13
GFGC5400DI,0,0.0,0.0,0,1180.0,1180.135,-0.0063,1200.0,1215.0,1170.0,1187.495,84204078.0,709,102,16:16:00,GGAL,2024-12-20,C,5400.0,2024-11-13
GFGC5600DI,0,0.0,0.0,0,1040.0,1040.0,-0.006,1070.0,1070.0,990.0,1046.35,1526654.0,15,10,15:31:00,GGAL,2024-12-20,C,5600.0,2024-11-13
GFGC5600FE,2,1155.0,0.0,0,0.0,1600.0,0.0,0.0,0.0,0.0,1600.0,0.0,0,0,,GGAL,2025-02-21,C,5600.0,2024-11-13
GFGC5800DI,0,0.0,1100.0,4,856.89,849.219,0.0034999999999999,840.01,870.0,810.0,853.896,7147708.7,84,20,16:58:00,GGAL,2024-12-20,C,5800.0,2024-11-13
GFGC5800FE,0,0.0,0.0,0,1251.0,1251.0,0.2464,1250.0,1251.0,1250.0,1003.667,250100.0,2,2,16:46:00,GGAL,2025-02-21,C,5800.0,2024-11-13
GFGC58964D,0,0.0,1000.0,3,771.0,772.862,-0.0064,860.0,860.0,742.0,776.0,14883314.3,191,58,16:48:00,GGAL,2024-12-20,C,58964.0,2024-11-13
GFGC60964D,0,0.0,900.0,5,635.0,630.862,-0.0062,648.0,680.0,600.0,639.024,160515753.9,2483,474,16:59:00,GGAL,2024-12-20,C,60964.0,2024-11-13
GFGC6200FE,0,0.0,0.0,0,1020.001,1020.001,0.0212,1000.0,1049.0,1000.0,998.75,4570900.8,45,8,16:10:00,GGAL,2025-02-21,C,6200.0,2024-11-13
GFGC6400DI,0,0.0,0.0,0,459.1,460.238,-0.0113999999999999,464.0,492.0,425.0,464.439,367478927.2,7868,1097,16:59:00,GGAL,2024-12-20,C,6400.0,2024-11-13
GFGC6400FE,0,0.0,0.0,0,960.0,948.333,-0.1614999999999999,900.0,960.0,900.0,1145.0,844000.0,9,6,16:53:00,GGAL,2025-02-21,C,6400.0,2024-11-13
GFGC6600AB,0,0.0,0.0,0,935.0,935.0,0.0331,935.0,935.0,935.0,905.0,93500.0,1,1,12:30:00,GGAL,2025-04-16,C,6600.0,2024-11-13
GFGC6600DI,0,0.0,800.0,1,360.0,358.115,-0.021,360.0,388.98,335.101,367.748,259665898.1,7074,863,16:59:00,GGAL,2024-12-20,C,6600.0,2024-11-13
GFGC6800DI,0,0.0,0.0,0,284.1,284.465,-0.0152,290.0,307.859,260.002,288.486,199368211.5,6896,812,16:59:00,GGAL,2024-12-20,C,6800.0,2024-11-13
GFGC6800FE,0,0.0,0.0,0,775.0,775.0,0.0923,789.999,790.0,775.0,709.5,470999.9,6,3,15:37:00,GGAL,2025-02-21,C,6800.0,2024-11-13
GFGC7000DI,0,0.0,283.0,1,219.9,218.063,0.0021,235.0,237.0,200.0,219.433,470230224.9,21504,1527,16:59:00,GGAL,2024-12-20,C,7000.0,2024-11-13
GFGC7000FE,0,0.0,0.0,0,628.0,628.0,0.0342,660.0,668.0,580.0,607.2,9791400.0,149,15,15:13:00,GGAL,2025-02-21,C,7000.0,2024-11-13
GFGC7200DI,0,0.0,0.0,0,161.42,163.052,-0.0356999999999999,170.0,185.0,150.0,167.4,95703449.0,5820,493,16:56:00,GGAL,2024-12-20,C,7200.0,2024-11-13
GFGC7200FE,0,0.0,0.0,0,530.0,530.0,0.0192,550.0,550.0,530.0,520.0,108000.0,2,2,16:47:00,GGAL,2025-02-21,C,7200.0,2024-11-13
GFGC7400DI,0,0.0,0.0,0,126.5,126.237,-0.0046999999999999,130.0,135.0,113.0,127.101,83020744.2,6458,404,16:59:00,GGAL,2024-12-20,C,7400.0,2024-11-13
GFGC7400FE,0,0.0,670.0,1,475.0,475.0,0.0555,498.999,498.999,475.0,450.0,194799.8,4,4,16:38:00,GGAL,2025-02-21,C,7400.0,2024-11-13
GFGC7600DI,0,0.0,110.0,1,93.1,94.685,-0.0055,95.0,103.52,52.67,93.621,209462979.4,22179,1238,16:59:00,GGAL,2024-12-20,C,7600.0,2024-11-13
GFGC7600FE,0,0.0,500.0,1,400.0,393.182,0.0335,420.0,420.0,385.0,387.0,8993087.2,224,44,16:57:00,GGAL,2025-02-21,C,7600.0,2024-11-13
GFGC7800DI,0,0.0,0.0,0,68.1,68.214,0.0144999999999999,70.0,78.5,60.0,67.123,15937921.9,2363,368,16:59:00,GGAL,2024-12-20,C,7800.0,2024-11-13
GFGC8300DI,0,0.0,0.0,0,29.51,29.887,-0.0031,39.988,39.988,25.0,29.603,5850287.2,1932,137,16:59:00,GGAL,2024-12-20,C,8300.0,2024-11-13
GFGC8300FE,15,64.99,0.0,0,205.0,205.0,0.025,200.0,218.0,200.0,200.0,4177700.0,203,11,16:44:00,GGAL,2025-02-21,C,8300.0,2024-11-13
GFGC8600DI,0,0.0,0.0,0,18.02,18.709,0.0242,20.998,20.998,15.7,17.593,7131994.6,3917,403,16:59:00,GGAL,2024-12-20,C,8600.0,2024-11-13
GFGV3150DI,61,0.78,0.0,0,0.88,0.863,-0.3032,1.01,1.4,0.75,1.263,94268.0,1131,68,16:52:00,GGAL,2024-12-20,P,3150.0,2024-11-13
GFGV36464D,65,0.85,0.0,0,0.86,0.86,-0.2521,1.15,1.2,0.86,1.15,64630.0,716,14,16:23:00,GGAL,2024-12-20,P,36464.0,2024-11-13
GFGV37964D,117,0.88,0.0,0,1.0,0.96,-0.1379,1.16,1.18,0.85,1.16,47560.6,471,77,16:59:00,GGAL,2024-12-20,P,37964.0,2024-11-13
GFGV4050DI,107,0.9,0.0,0,0.9,0.9,-0.3661,1.0,1.5,0.701,1.42,13359.5,131,54,16:50:00,GGAL,2024-12-20,P,4050.0,2024-11-13
GFGV4050FE,33,3.25,0.0,0,3.6,3.6,0.0,3.6,3.6,3.6,3.6,8640.0,24,2,12:45:00,GGAL,2025-02-21,P,4050.0,2024-11-13
GFGV4200DI,100,0.95,0.0,0,1.5,1.331,0.1718,1.5,1.85,0.83,1.28,85744.4,794,162,16:58:00,GGAL,2024-12-20,P,4200.0,2024-11-13
GFGV4200FE,22,3.75,0.0,0,0.0,3.75,0.0,0.0,0.0,0.0,3.75,0.0,0,0,,GGAL,2025-02-21,P,4200.0,2024-11-13
GFGV42964D,12,1.06,0.0,0,1.8,1.392,0.2683999999999999,1.6,1.8,0.7,1.419,237085.0,1970,580,16:59:00,GGAL,2024-12-20,P,42964.0,2024-11-13
GFGV4400FE,30,4.35,0.0,0,0.0,0.0,0.0,0.0,0.0,0.0,0.0,0.0,0,0,,GGAL,2025-02-21,P,4400.0,2024-11-13
GFGV4600DI,0,0.0,0.0,0,1.9,1.854,-0.1128999999999999,2.25,2.25,1.41,2.142,223227.9,1289,339,16:59:00,GGAL,2024-12-20,P,4600.0,2024-11-13
GFGV4600FE,15,6.5,0.0,0,0.0,0.0,0.0,0.0,0.0,0.0,0.0,0.0,0,0,,GGAL,2025-02-21,P,4600.0,2024-11-13
GFGV4800DI,0,0.0,7.89,51,2.85,2.725,-0.0716,2.15,3.9,2.06,3.07,742091.4,2785,348,16:59:46,GGAL,2024-12-20,P,4800.0,2024-11-13
GFGV5000DI,0,0.0,0.0,0,5.35,5.389,-0.113,5.5,6.797,4.6,6.032,1669251.9,3178,381,16:59:00,GGAL,2024-12-20,P,5000.0,2024-11-13
GFGV50964D,0,0.0,0.0,0,7.54,7.546,-0.1132,8.75,8.999,6.2,8.503,2721734.7,3602,481,16:58:00,GGAL,2024-12-20,P,50964.0,2024-11-13
GFGV5400DI,0,0.0,43.84,25,21.2,20.612,-0.0819999999999999,21.333,25.1,19.19,23.095,6163896.0,2817,379,16:58:00,GGAL,2024-12-20,P,5400.0,2024-11-13
GFGV5600DI,0,0.0,0.0,0,41.0,40.166,-0.1003,45.0,49.579,38.001,45.573,14090408.7,3325,510,16:59:00,GGAL,2024-12-20,P,5600.0,2024-11-13
GFGV5800DI,0,0.0,0.0,0,73.0,72.796,-0.1009,85.0,89.0,66.59,81.199,30824383.9,4100,476,16:59:00,GGAL,2024-12-20,P,5800.0,2024-11-13
GFGV5800FE,2,15.0,0.0,0,0.0,80.0,0.0,0.0,0.0,0.0,80.0,0.0,0,0,,GGAL,2025-02-21,P,5800.0,2024-11-13
GFGV58964D,0,0.0,0.0,0,97.0,95.995,-0.0753,96.32,115.0,94.0,104.901,20312383.7,1987,287,16:59:00,GGAL,2024-12-20,P,58964.0,2024-11-13
GFGV60964D,0,0.0,0.0,0,155.0,155.19,-0.0604,152.002,178.999,149.0,164.971,114071892.1,7071,910,16:59:00,GGAL,2024-12-20,P,60964.0,2024-11-13
GFGV6400DI,10,120.0,0.0,0,280.0,282.622,-0.0373,280.0,303.83,262.0,290.865,75588516.8,2649,378,16:58:00,GGAL,2024-12-20,P,6400.0,2024-11-13
GFGV6600DI,0,0.0,0.0,0,385.01,385.01,-0.003,360.0,410.0,359.52,386.169,16443079.2,425,83,16:59:00,GGAL,2024-12-20,P,6600.0,2024-11-13
GFGV6800DI,0,0.0,0.0,0,515.0,515.0,-0.0636,498.0,515.0,480.0,550.0,14061400.0,285,18,16:44:00,GGAL,2024-12-20,P,6800.0,2024-11-13
LOMC2400AB,0,0.0,800.0,7,0.0,0.0,0.0,0.0,0.0,0.0,0.0,0.0,0,0,,LOMA,2025-04-16,C,2400.0,2024-11-13
METC1700DI,0,0.0,0.0,0,205.0,205.0,0.0,184.29,226.43,176.79,0.0,6886635.0,354,26,16:38:00,METR,2024-12-20,C,1700.0,2024-11-13
METC1900DI,0,0.0,0.0,0,84.9,84.9,0.0,63.0,84.9,63.0,0.0,21190.0,3,3,15:03:00,METR,2024-12-20,C,1900.0,2024-11-13
PAMC2600DI,0,0.0,0.0,0,915.0,915.0,0.1553,908.88,915.0,908.88,792.0,1462823.0,16,6,16:21:00,PAMP,2024-12-20,C,2600.0,2024-11-13
PAMC2710DI,0,0.0,0.0,0,815.97,815.97,0.316,815.97,815.97,815.97,620.0,81597.0,1,1,11:47:16,PAMP,2024-12-20,C,2710.0,2024-11-13
PAMC3040DI,0,0.0,0.0,0,499.0,499.0,0.1741,462.0,500.0,461.5,425.0,4660557.4,99,78,16:30:00,PAMP,2024-12-20,C,3040.0,2024-11-13
PAMC3040FE,0,0.0,0.0,0,700.0,700.0,0.2727,700.0,700.0,700.0,550.0,140000.0,2,2,16:59:00,PAMP,2025-02-21,C,3040.0,2024-11-13
PAMC3200DI,0,0.0,0.0,0,340.0,340.0,0.3076,340.0,340.0,340.0,260.0,578000.0,17,3,15:23:00,PAMP,2024-12-20,C,3200.0,2024-11-13
PAMC3300DI,0,0.0,0.0,0,296.03,295.782,0.1249,250.0,297.07,245.48,263.153,1918141.0,69,55,16:06:00,PAMP,2024-12-20,C,3300.0,2024-11-13
PAMC3400DI,0,0.0,0.0,0,225.0,225.0,0.1341,200.0,235.0,200.0,198.391,2086170.0,93,51,16:54:00,PAMP,2024-12-20,C,3400.0,2024-11-13
PAMC3500DI,0,0.0,180.0,12,165.0,165.0,0.2992,135.0,179.0,120.0,127.0,4388832.0,305,75,16:38:00,PAMP,2024-12-20,C,3500.0,2024-11-13
PAMC3500FE,5,250.0,0.0,0,465.0,463.0,0.1625,455.0,465.0,455.0,400.0,231500.0,5,2,16:07:00,PAMP,2025-02-21,C,3500.0,2024-11-13
PAMV2930DI,0,0.0,0.0,0,8.19,8.19,-0.34,7.05,8.27,7.05,12.41,45524.1,61,16,16:30:00,PAMP,2024-12-20,P,2930.0,2024-11-13
PAMV3040DI,0,0.0,0.0,0,12.699,12.699,0.6156,11.79,18.0,6.16,7.86,98871.6,102,83,16:58:00,PAMP,2024-12-20,P,3040.0,2024-11-13
PAMV3200DI,0,0.0,0.0,0,36.88,36.88,-0.1241,46.14,46.14,35.0,42.11,186072.0,43,22,16:25:00,PAMP,2024-12-20,P,3200.0,2024-11-13
PAMV3300DI,0,0.0,0.0,0,60.0,64.519,-0.4782,74.72,87.78,60.0,115.0,821482.0,117,80,16:02:00,PAMP,2024-12-20,P,3300.0,2024-11-13
PAMV3400DI,0,0.0,0.0,0,87.47,88.17,-0.1835999999999999,115.0,121.08,87.47,107.142,425827.0,46,44,16:36:00,PAMP,2024-12-20,P,3400.0,2024-11-13
PAMV3500DI,0,0.0,0.0,0,137.0,137.0,0.0,146.65,165.0,128.94,0.0,220822.0,15,14,16:58:00,PAMP,2024-12-20,P,3500.0,2024-11-13
TGNC3000DI,0,0.0,0.0,0,785.0,785.0,0.1214,795.0,795.0,785.0,700.0,1580000.0,20,5,16:17:00,TGNO4,2024-12-20,C,3000.0,2024-11-13
TGNC30982D,4,100.0,0.0,0,699.0,699.0,0.3442,690.0,699.0,690.0,520.0,1315500.0,19,4,16:02:00,TGNO4,2024-12-20,C,30982.0,2024-11-13
TGSC4300DI,0,0.0,0.0,0,1900.0,1900.0,0.4339,1900.0,1900.0,1900.0,1325.0,950000.0,5,1,16:03:00,TGSU2,2024-12-20,C,4300.0,2024-11-13
TGSC4600DI,0,0.0,0.0,0,1630.0,1630.0,0.156,1630.0,1630.0,1630.0,1410.0,2445000.0,15,2,14:56:00,TGSU2,2024-12-20,C,4600.0,2024-11-13
TGSC6100DI,0,0.0,0.0,0,194.8,194.8,0.0,194.8,194.8,194.8,0.0,19480.0,1,1,14:28:00,TGSU2,2024-12-20,C,6100.0,2024-11-13
TGSV4900DI,0,0.0,0.0,0,10.0,10.0,-0.8618000000000001,10.0,10.0,10.0,72.4,1000.0,1,1,11:38:00,TGSU2,2024-12-20,P,4900.0,2024-11-13
TGSV4900FE,0,0.0,0.0,0,42.8,42.8,-0.4368,42.8,42.8,42.8,76.0,4280.0,1,1,14:42:00,TGSU2,2025-02-21,P,4900.0,2024-11-13
TRAC1700DI,0,0.0,0.0,0,515.8,515.8,0.5807,515.8,530.0,515.8,326.3,7135600.0,138,13,16:53:00,TRAN,2024-12-20,C,1700.0,2024-11-13
TRAV1900FE,0,0.0,0.0,0,37.7,37.7,0.5507,37.7,37.7,37.7,24.311,22620.0,6,2,16:32:00,TRAN,2025-02-21,P,1900.0,2024-11-13
TXAC1000DI,0,0.0,0.0,0,3.0,3.0,-0.25,2.2,3.799,2.2,4.0,16737.0,56,7,16:14:00,TXAR,2024-12-20,C,1000.0,2024-11-13
TXAC1100DI,100,0.3,0.0,0,0.0,10.0,0.0,0.0,0.0,0.0,10.0,0.0,0,0,,TXAR,2024-12-20,C,1100.0,2024-11-13
TXAC550.DI,0,0.0,0.0,0,254.0,254.0,0.0739,254.0,254.0,254.0,236.52,25400.0,1,1,16:15:00,TXAR,2024-12-20,C,550.0,2024-11-13
TXAC800.DI,0,0.0,0.0,0,45.0,45.0,0.0,45.0,45.0,45.0,45.0,4500.0,1,1,13:42:00,TXAR,2024-12-20,C,800.0,2024-11-13
TXAC900.DI,0,0.0,0.0,0,7.0,7.024,-0.3,10.0,10.0,7.0,10.0,208005.7,272,9,14:34:00,TXAR,2024-12-20,C,900.0,2024-11-13
UA0C68.0NO,0,0.0,0.0,0,0.9,0.9,0.5,0.9,0.9,0.9,0.6,900.0,100,2,11:29:00,AL30D,2024-11-28,,0.0,2024-11-13
YPFC25700D,0,0.0,0.0,0,10531.51,10531.51,0.1447,10182.69,10577.36,10182.69,9200.0,4174832.0,4,4,14:57:00,YPFD,2024-12-20,C,25700.0,2024-11-13
YPFC27900D,0,0.0,0.0,0,8492.29,8492.29,0.0958,8071.96,8492.29,8071.96,7749.68,1656425.0,2,2,13:34:00,YPFD,2024-12-20,C,27900.0,2024-11-13
YPFC29000D,0,0.0,0.0,0,7300.001,7300.001,0.1406,6800.0,7505.66,6800.0,6400.0,5690566.1,8,8,16:10:00,YPFD,2024-12-20,C,29000.0,2024-11-13
YPFC30100D,0,0.0,0.0,0,6300.0,6300.0,0.2115,6200.0,6500.0,5900.0,5200.0,13972465.0,22,12,16:54:00,YPFD,2024-12-20,C,30100.0,2024-11-13
YPFC31600D,0,0.0,5500.0,2,5150.0,5150.0,0.1075,4800.0,5400.0,4625.0,4650.0,44502000.1,88,33,16:57:00,YPFD,2024-12-20,C,31600.0,2024-11-13
YPFC33100D,0,0.0,0.0,0,4000.0,4000.0,0.1267,3600.0,4200.0,3500.0,3550.0,3913131.0,10,10,16:10:00,YPFD,2024-12-20,C,33100.0,2024-11-13
YPFC34600D,0,0.0,0.0,0,2950.0,2950.0,0.1568,2486.87,3000.0,2486.87,2550.0,21243358.0,75,17,16:58:00,YPFD,2024-12-20,C,34600.0,2024-11-13
YPFC36100D,0,0.0,0.0,0,1940.0,1940.0,0.1411,1750.0,2209.41,1750.0,1700.001,18908568.8,95,35,16:56:00,YPFD,2024-12-20,C,36100.0,2024-11-13
YPFC37600D,0,0.0,0.0,0,1315.0,1316.338,0.1022,1200.0,1450.0,1167.7,1192.983,28634355.9,216,71,16:51:00,YPFD,2024-12-20,C,37600.0,2024-11-13
YPFC37600F,0,0.0,0.0,0,3600.0,3600.0,0.3846,3600.0,3600.0,3600.0,2600.0,360000.0,1,1,16:10:00,YPFD,2025-02-21,C,37600.0,2024-11-13
YPFC39000D,0,0.0,0.0,0,940.0,924.095,0.175,900.0,961.0,900.0,800.0,4648701.0,50,20,16:56:00,YPFD,2024-12-20,C,39000.0,2024-11-13
YPFC40500D,0,0.0,0.0,0,610.0,610.0,0.196,550.0,640.0,450.0,510.0,3679120.0,62,20,16:31:00,YPFD,2024-12-20,C,40500.0,2024-11-13
YPFV25700D,0,0.0,0.0,0,8.8,8.8,-0.1926,8.8,8.8,8.8,10.9,2640.0,3,1,16:41:00,YPFD,2024-12-20,P,25700.0,2024-11-13
YPFV26800D,0,0.0,0.0,0,19.9,19.9,-0.0098999999999999,19.9,19.9,19.7,20.1,43740.0,22,8,16:52:00,YPFD,2024-12-20,P,26800.0,2024-11-13
YPFV27900D,0,0.0,0.0,0,49.0,41.8,-0.2051,40.0,49.0,40.0,61.65,94420.0,23,11,16:36:00,YPFD,2024-12-20,P,27900.0,2024-11-13
YPFV29000D,0,0.0,0.0,0,90.0,90.0,-0.25,127.86,127.86,90.0,120.0,104932.0,10,6,14:15:00,YPFD,2024-12-20,P,29000.0,2024-11-13
YPFV30100D,0,0.0,0.0,0,150.0,150.0,-0.3308,210.24,220.0,120.0,224.179,465952.0,27,13,16:41:00,YPFD,2024-12-20,P,30100.0,2024-11-13
YPFV31600D,0,0.0,0.0,0,272.35,272.35,-0.4235,326.68,390.0,272.35,472.5,409509.4,12,9,15:45:00,YPFD,2024-12-20,P,31600.0,2024-11-13
YPFV33100D,0,0.0,0.0,0,512.95,531.475,-0.416,805.3,805.3,512.95,878.37,1937885.0,28,14,15:45:00,YPFD,2024-12-20,P,33100.0,2024-11-13
YPFV34600D,0,0.0,0.0,0,1000.0,1000.0,0.0,1000.0,1000.0,1000.0,0.0,300000.0,3,3,16:39:00,YPFD,2024-12-20,P,34600.0,2024-11-13
YPFV36100D,0,0.0,0.0,0,1700.0,1700.0,-0.1221,1700.0,1700.0,1700.0,1936.44,170000.0,1,1,16:20:00,YPFD,2024-12-20,P,36100.0,2024-11-13
ALUC1500DI,0,0.0,90.0,14,0.0,50.0,0.0,0.0,0.0,0.0,50.0,0.0,0,0,,ALUA,2024-12-20,C,1500.0,2024-11-14
ALUC550.DI,0,0.0,0.0,0,300.0,300.0,0.0689,291.08,315.0,291.08,280.66,13647140.0,454,26,16:51:00,ALUA,2024-12-20,C,550.0,2024-11-14
ALUC700.DI,0,0.0,0.0,0,160.0,160.0,0.1664,165.0,166.91,160.0,137.167,1283875.0,79,11,16:55:00,ALUA,2024-12-20,C,700.0,2024-11-14
ALUC800.DI,0,0.0,0.0,0,80.0,80.0,0.3931,58.0,86.12,57.03,57.425,1668047.0,239,40,16:51:00,ALUA,2024-12-20,C,800.0,2024-11-14
ALUC800.FE,0,0.0,0.0,0,165.0,166.667,0.1379,150.0,175.0,150.0,145.0,2616899.0,160,22,16:56:00,ALUA,2025-02-21,C,800.0,2024-11-14
ALUC850.DI,0,0.0,0.0,0,50.0,49.767,0.4285,39.28,50.0,39.28,35.0,572359.9,121,26,16:57:00,ALUA,2024-12-20,C,850.0,2024-11-14
ALUC950.DI,0,0.0,55.0,4,13.0,13.038,0.44439999999999996,11.0,15.0,11.0,9.0,194599.8,158,27,16:20:00,ALUA,2024-12-20,C,950.0,2024-11-14
ALUV700.DI,0,0.0,0.0,0,1.56,1.95,-0.7695000000000001,5.69,5.69,1.56,6.77,12730.3,36,12,15:07:00,ALUA,2024-12-20,P,700.0,2024-11-14
ALUV800.DI,0,0.0,0.0,0,25.13,24.557,-0.2146,23.63,25.13,23.63,32.0,53084.0,22,6,16:06:00,ALUA,2024-12-20,P,800.0,2024-11-14
BBAV5600FE,0,0.0,0.0,0,128.8,128.8,-0.2127,128.8,128.8,128.8,163.6,12880.0,1,1,14:58:00,BBAR,2025-02-21,P,5600.0,2024-11-14
BHIC36941D,0,0.0,0.0,0,92.0,92.0,0.2266,92.0,92.0,92.0,75.0,9200.0,1,1,16:59:00,BHIP,2024-12-20,C,36941.0,2024-11-14
BHIC40941D,0,0.0,0.0,0,55.0,55.0,0.0576,48.0,55.0,48.0,52.0,422600.0,80,9,16:39:00,BHIP,2024-12-20,C,40941.0,2024-11-14
BHIC42941D,0,0.0,0.0,0,40.0,40.0,0.3333,39.0,40.0,39.0,30.0,312100.0,79,2,16:40:00,BHIP,2024-12-20,C,42941.0,2024-11-14
BHIC440.AB,0,0.0,0.0,0,80.7,80.7,0.0688,80.7,80.7,80.7,75.5,8070.0,1,1,16:27:00,BHIP,2025-04-16,C,440.0,2024-11-14
BMAC6400DI,0,0.0,0.0,0,3000.0,3000.0,0.0069,3000.0,3000.0,3000.0,2979.27,900000.0,3,1,12:38:00,BMA,2024-12-20,C,6400.0,2024-11-14
CEPC13605D,0,0.0,0.0,0,245.0,245.0,0.0,245.0,245.0,245.0,0.0,49000.0,2,2,14:52:00,CEPU,2024-12-20,C,13605.0,2024-11-14
COMC172.DI,0,0.0,125.0,5,77.75,77.75,-0.0032,85.0,85.0,77.75,78.0,1021267.5,122,7,16:49:00,COME,2024-12-20,C,172.0,2024-11-14
COMC172.FE,50,85.0,0.0,0,102.998,102.998,0.0338,100.0,102.998,100.0,99.63,1602698.2,160,7,16:59:00,COME,2025-02-21,C,172.0,2024-11-14
COMC180.DI,0,0.0,0.0,0,77.56,77.56,0.0341,77.56,77.56,77.56,75.0,457604.0,59,2,13:31:00,COME,2024-12-20,C,180.0,2024-11-14
COMC188.DI,5,52.0,0.0,0,67.04,66.832,0.018500000000000003,68.55,68.55,66.79,65.82,469540.0,70,4,15:30:00,COME,2024-12-20,C,188.0,2024-11-14
COMC196.DI,5,50.0,0.0,0,59.3,59.3,0.005,60.55,63.537,59.3,59.0,484879.6,81,7,16:02:00,COME,2024-12-20,C,196.0,2024-11-14
COMC205.DI,5,27.0,0.0,0,56.5,56.5,0.13,60.0,60.0,50.0,50.0,157972.0,28,5,16:29:00,COME,2024-12-20,C,205.0,2024-11-14
COMC210.DI,0,0.0,0.0,0,47.85,47.816,0.0633,49.4,49.75,47.0,45.0,704366.8,148,11,16:57:00,COME,2024-12-20,C,210.0,2024-11-14
COMC220.DI,0,0.0,0.0,0,40.0,37.923,0.0378,40.0,40.0,37.0,38.541,205847.0,54,6,16:21:00,COME,2024-12-20,C,220.0,2024-11-14
COMC230.DI,0,0.0,0.0,0,30.474,30.474,0.0508,30.0,33.083,28.0,29.0,261543.3,86,11,16:41:00,COME,2024-12-20,C,230.0,2024-11-14
COMC240.DI,0,0.0,0.0,0,24.5,24.5,0.0337,25.101,27.0,23.01,23.7,975345.4,383,38,16:42:00,COME,2024-12-20,C,240.0,2024-11-14
COMC240.FE,0,0.0,0.0,0,45.0,45.0,-0.1,45.0,45.0,45.0,50.0,45000.0,10,2,13:19:00,COME,2025-02-21,C,240.0,2024-11-14
COMC250.DI,0,0.0,43.99,10,20.0,19.593,0.0799,19.0,22.0,17.1,18.519,6770139.2,3390,213,16:57:00,COME,2024-12-20,C,250.0,2024-11-14
COMC250.FE,0,0.0,100.0,5,42.0,42.0,0.05,40.0,43.0,40.0,40.0,1845000.0,435,21,16:59:00,COME,2025-02-21,C,250.0,2024-11-14
COMC260.AB,0,0.0,0.0,0,65.0,65.0,0.0833,65.0,65.0,65.0,60.0,6500.0,1,1,15:56:00,COME,2025-04-16,C,260.0,2024-11-14
COMC260.DI,0,0.0,114.0,3,15.5,15.439,0.0664,14.0,18.0,14.0,14.534,1325409.6,844,94,16:59:00,COME,2024-12-20,C,260.0,2024-11-14
COMC270.DI,0,0.0,0.0,0,11.833,11.328,0.021400000000000002,12.24,12.95,11.0,11.585,784800.5,676,66,16:59:00,COME,2024-12-20,C,270.0,2024-11-14
COMC280.DI,0,0.0,0.0,0,8.0,8.0,-0.0171,8.5,9.0,8.0,8.14,1834145.0,2197,94,16:59:00,COME,2024-12-20,C,280.0,2024-11-14
COMC280.FE,0,0.0,85.5,27,26.68,26.409,0.0418,27.5,27.5,26.0,25.608,1146730.0,430,42,16:58:00,COME,2025-02-21,C,280.0,2024-11-14
COMC290.DI,0,0.0,0.0,0,6.0,6.0,-0.047599999999999996,6.5,6.9,5.4,6.3,56920.0,88,9,16:58:00,COME,2024-12-20,C,290.0,2024-11-14
COMC300.DI,0,0.0,19.7,10,4.2,4.46,-0.0819,3.5,5.555,3.5,4.575,2369047.4,4863,108,16:58:00,COME,2024-12-20,C,300.0,2024-11-14
COMC300.FE,0,0.0,0.0,0,17.0,17.0,0.0,17.5,18.8,15.0,17.0,187230.0,113,11,16:44:00,COME,2025-02-21,C,300.0,2024-11-14
COMC310.DI,0,0.0,0.0,0,3.4,2.95,-0.1007,4.0,4.0,2.905,3.781,41906.3,140,13,16:56:00,COME,2024-12-20,C,310.0,2024-11-14
COMC320.DI,0,0.0,10.0,10,1.99,1.99,-0.1355,2.4,3.505,1.7,2.302,180726.6,904,22,16:59:00,COME,2024-12-20,C,320.0,2024-11-14
COMC330.FE,0,0.0,0.0,0,7.4,7.4,0.23329999999999998,7.4,7.4,7.4,6.0,740.0,1,1,12:19:00,COME,2025-02-21,C,330.0,2024-11-14
COMC350.DI,0,0.0,0.0,0,0.8,0.797,0.14279999999999998,0.999,1.0,0.6,0.7,446444.4,5075,48,16:43:00,COME,2024-12-20,C,350.0,2024-11-14
COMC400.DI,0,0.0,1.48,162,0.55,0.404,0.1,0.35,0.6,0.301,0.5,37840.8,850,31,16:59:00,COME,2024-12-20,C,400.0,2024-11-14
COMC400.FE,274,1.1,10.0,100,0.0,4.0,0.0,0.0,0.0,0.0,4.0,0.0,0,0,,COME,2025-02-21,C,400.0,2024-11-14
COMV172.DI,0,0.0,0.0,0,0.08,0.08,0.0,0.118,0.118,0.08,0.08,3042.5,338,6,16:43:00,COME,2024-12-20,P,172.0,2024-11-14
COMV180.DI,100,0.1,0.0,0,0.15,0.15,0.0,0.15,0.15,0.15,0.15,690.0,46,1,11:09:00,COME,2024-12-20,P,180.0,2024-11-14
COMV188.DI,100,0.1,0.0,0,0.17,0.17,-0.0555,0.18,0.18,0.15,0.18,3045.0,185,6,16:58:00,COME,2024-12-20,P,188.0,2024-11-14
COMV196.DI,65,0.19,0.0,0,0.285,0.285,0.0,0.28,0.285,0.28,0.285,4382.5,155,5,14:14:00,COME,2024-12-20,P,196.0,2024-11-14
COMV205.DI,0,0.0,0.0,0,1.06,1.06,-0.2837,1.06,1.06,1.06,1.48,530.0,5,1,12:45:00,COME,2024-12-20,P,205.0,2024-11-14
COMV210.DI,80,0.25,0.0,0,1.1,1.1,-0.4806,2.5,2.5,0.701,2.118,14304.7,127,17,16:47:00,COME,2024-12-20,P,210.0,2024-11-14
COMV220.DI,0,0.0,0.0,0,1.9,1.9,-0.1555,2.75,2.75,1.3,2.25,45970.0,240,13,16:28:00,COME,2024-12-20,P,220.0,2024-11-14
COMV230.DI,0,0.0,0.0,0,2.915,2.915,-0.4328,3.9,4.999,2.915,5.14,5097.6,15,8,16:45:00,COME,2024-12-20,P,230.0,2024-11-14
COMV240.DI,0,0.0,0.0,0,7.5,7.5,-0.1278,8.488,8.59,7.0,8.599,131820.0,177,14,16:57:00,COME,2024-12-20,P,240.0,2024-11-14
COMV250.DI,0,0.0,0.0,0,11.5,11.5,-0.1325,14.0,14.0,11.0,13.258,111254.8,94,20,16:58:00,COME,2024-12-20,P,250.0,2024-11-14
COMV260.DI,0,0.0,0.0,0,17.0,17.0,-0.12869999999999998,11.151,17.0,11.151,19.513,36515.1,23,6,16:52:00,COME,2024-12-20,P,260.0,2024-11-14
COMV270.DI,0,0.0,0.0,0,23.557,23.558,0.8979,20.0,24.999,20.0,12.412,52011.3,25,8,16:33:00,COME,2024-12-20,P,270.0,2024-11-14
CREC10247D,0,0.0,0.0,0,264.3,264.3,0.0,264.3,264.3,264.3,0.0,528600.0,20,1,15:48:00,CRES,2024-12-20,C,10247.0,2024-11-14
GFGC3150DI,0,0.0,0.0,0,3292.39,3297.408,0.009899999999999999,3315.69,3315.69,3292.39,3259.996,15191650.0,46,15,14:15:00,GGAL,2024-12-20,C,3150.0,2024-11-14
GFGC37964D,0,0.0,0.0,0,2680.42,2680.42,0.0318,2680.42,2680.42,2680.42,2597.668,804126.0,3,2,13:21:00,GGAL,2024-12-20,C,37964.0,2024-11-14
GFGC4050DI,0,0.0,0.0,0,2438.28,2438.28,0.0206,2436.53,2438.28,2436.53,2388.979,1218790.0,5,3,13:47:00,GGAL,2024-12-20,C,4050.0,2024-11-14
GFGC4200DI,0,0.0,0.0,0,2500.0,2449.158,0.0558,2242.101,2500.0,1850.0,2367.727,4783310.8,22,6,16:49:00,GGAL,2024-12-20,C,4200.0,2024-11-14
GFGC42964D,0,0.0,0.0,0,2160.67,2167.841,0.0789,2200.81,2210.84,2160.67,2002.653,12949402.6,59,22,14:50:00,GGAL,2024-12-20,C,42964.0,2024-11-14
GFGC4800DI,0,0.0,0.0,0,1680.019,1680.019,-0.032799999999999996,1770.0,1770.0,1680.019,1737.0,2415089.4,14,8,14:27:00,GGAL,2024-12-20,C,4800.0,2024-11-14
GFGC5000DI,0,0.0,0.0,0,1555.0,1555.0,-0.0063,1575.0,1575.0,1500.0,1565.0,2443712.8,16,6,16:23:00,GGAL,2024-12-20,C,5000.0,2024-11-14
GFGC5000FE,2,1600.0,0.0,0,0.0,1780.0,0.0,0.0,0.0,0.0,1780.0,0.0,0,0,,GGAL,2025-02-21,C,5000.0,2024-11-14
GFGC50964D,0,0.0,0.0,0,1420.0,1420.0,-0.0535,1450.0,1450.0,1420.0,1500.362,1710000.0,12,2,13:21:00,GGAL,2024-12-20,C,50964.0,2024-11-14
GFGC5400DI,0,0.0,0.0,0,1150.0,1150.0,-0.0255,1165.0,1199.475,1110.01,1180.135,38558648.4,335,47,16:57:00,GGAL,2024-12-20,C,5400.0,2024-11-14
GFGC5600DI,0,0.0,0.0,0,950.0,950.0,-0.08650000000000001,1073.867,1073.867,940.0,1040.0,1243787.1,13,6,14:50:00,GGAL,2024-12-20,C,5600.0,2024-11-14
GFGC5600FE,2,1155.0,0.0,0,1298.0,1298.0,-0.1887,1298.0,1298.0,1298.0,1600.0,129800.0,1,1,12:39:00,GGAL,2025-02-21,C,5600.0,2024-11-14
GFGC5800DI,0,0.0,1100.0,4,810.0,810.0,-0.0461,840.0,860.0,790.0,849.219,16765685.5,201,52,16:59:00,GGAL,2024-12-20,C,5800.0,2024-11-14
GFGC5800FE,0,0.0,0.0,0,1260.0,1262.5,0.0070999999999999995,1450.0,1450.0,1251.0,1251.0,900200.0,7,5,14:28:00,GGAL,2025-02-21,C,5800.0,2024-11-14
GFGC58964D,0,0.0,1000.0,3,740.0,740.0,-0.0425,750.0,850.0,721.0,772.862,23579165.4,313,77,16:58:00,GGAL,2024-12-20,C,58964.0,2024-11-14
GFGC6000FE,0,0.0,0.0,0,1060.0,1060.0,0.06,1060.0,1060.0,1060.0,1000.0,106000.0,1,1,15:35:00,GGAL,2025-02-21,C,6000.0,2024-11-14
GFGC60964D,0,0.0,900.0,5,610.0,610.0,-0.033,643.46,675.0,580.01,630.862,181505016.6,2910,552,16:59:00,GGAL,2024-12-20,C,60964.0,2024-11-14
GFGC6200FE,0,0.0,0.0,0,1050.0,1050.0,0.0294,1100.0,1100.0,940.001,1020.001,4109000.1,39,12,16:37:00,GGAL,2025-02-21,C,6200.0,2024-11-14
GFGC6400DI,0,0.0,0.0,0,440.0,437.944,-0.043899999999999995,461.0,491.177,425.14,460.238,343350285.5,7535,1031,16:59:00,GGAL,2024-12-20,C,6400.0,2024-11-14
GFGC6400FE,0,0.0,0.0,0,950.0,950.0,0.0017000000000000001,950.0,950.0,950.0,948.333,1235000.0,13,4,15:47:00,GGAL,2025-02-21,C,6400.0,2024-11-14
GFGC6600AB,0,0.0,0.0,0,920.0,920.0,-0.016,1400.0,1400.0,920.0,935.0,324000.0,3,3,13:59:00,GGAL,2025-04-16,C,6600.0,2024-11-14
GFGC6600DI,0,0.0,560.0,2,340.0,340.4,-0.050499999999999996,360.0,389.9,337.0,358.115,272796492.3,7597,814,16:59:00,GGAL,2024-12-20,C,6600.0,2024-11-14
GFGC6600FE,2,400.0,0.0,0,875.0,875.0,-0.2391,1000.0,1000.0,820.0,1150.0,4857000.0,56,12,16:59:00,GGAL,2025-02-21,C,6600.0,2024-11-14
GFGC6800DI,0,0.0,0.0,0,266.0,264.428,-0.0649,290.0,307.9,262.0,284.465,96251410.8,3415,602,16:59:00,GGAL,2024-12-20,C,6800.0,2024-11-14
GFGC6800FE,0,0.0,0.0,0,779.999,779.999,0.0064,780.0,780.0,779.999,775.0,545999.5,7,2,13:14:00,GGAL,2025-02-21,C,6800.0,2024-11-14
GFGC7000DI,0,0.0,500.0,5,200.0,200.082,-0.0828,224.8,239.88,198.0,218.063,530764893.0,24426,1747,16:59:00,GGAL,2024-12-20,C,7000.0,2024-11-14
GFGC7000FE,0,0.0,0.0,0,610.0,610.0,-0.0286,630.0,630.0,600.0,628.0,4176400.4,68,17,16:59:00,GGAL,2025-02-21,C,7000.0,2024-11-14
GFGC7200AB,0,0.0,0.0,0,950.0,950.0,0.1889,950.0,950.0,950.0,799.0,95000.0,1,1,16:46:00,GGAL,2025-04-16,C,7200.0,2024-11-14
GFGC7200DI,0,0.0,0.0,0,150.0,150.402,-0.08,170.04,180.0,150.0,163.052,70819595.8,4326,531,16:59:00,GGAL,2024-12-20,C,7200.0,2024-11-14
GFGC7400DI,0,0.0,0.0,0,114.0,115.433,-0.0969,140.911,140.911,110.0,126.237,72899346.8,5917,542,16:59:00,GGAL,2024-12-20,C,7400.0,2024-11-14
GFGC7400FE,0,0.0,670.0,1,499.0,499.0,0.050499999999999996,499.0,499.0,499.0,475.0,49900.0,1,1,13:16:00,GGAL,2025-02-21,C,7400.0,2024-11-14
GFGC7600DI,0,0.0,110.0,1,84.0,86.885,-0.1128,100.0,104.49,84.0,94.685,225807643.5,23786,1363,16:59:00,GGAL,2024-12-20,C,7600.0,2024-11-14
GFGC7600FE,0,0.0,500.0,1,377.0,371.571,-0.041100000000000005,420.0,420.0,365.0,393.182,6240599.9,164,37,16:48:00,GGAL,2025-02-21,C,7600.0,2024-11-14
GFGC7800DI,0,0.0,0.0,0,63.89,61.653,-0.0633,75.0,76.0,60.0,68.214,22330350.0,3279,480,16:59:00,GGAL,2024-12-20,C,7800.0,2024-11-14
GFGC8300DI,0,0.0,0.0,0,26.51,26.936,-0.11289999999999999,35.78,35.78,26.51,29.887,1476395.1,491,97,16:58:00,GGAL,2024-12-20,C,8300.0,2024-11-14
GFGC8300FE,0,0.0,0.0,0,195.0,195.0,-0.0487,218.0,218.0,195.0,205.0,297500.0,14,3,12:30:00,GGAL,2025-02-21,C,8300.0,2024-11-14
GFGC8600DI,0,0.0,0.0,0,17.3,17.683,-0.0753,20.0,20.5,17.16,18.709,9289433.3,5081,492,16:59:00,GGAL,2024-12-20,C,8600.0,2024-11-14
GFGC8600FE,0,0.0,0.0,0,140.0,140.0,0.0,140.0,140.0,140.0,0.0,1316000.0,94,6,16:59:00,GGAL,2025-02-21,C,8600.0,2024-11-14
GFGV3150DI,38,0.81,0.0,0,0.85,0.85,-0.015,0.78,1.0,0.78,0.863,83913.0,977,59,16:47:00,GGAL,2024-12-20,P,3150.0,2024-11-14
GFGV36464D,65,0.89,0.0,0,0.89,0.949,0.0348,0.85,1.4,0.85,0.86,31010.0,333,40,16:52:00,GGAL,2024-12-20,P,36464.0,2024-11-14
GFGV37964D,42,0.89,0.0,0,0.92,0.92,-0.0416,0.88,0.96,0.88,0.96,106197.0,1158,57,16:57:00,GGAL,2024-12-20,P,37964.0,2024-11-14
GFGV4050DI,34,0.93,0.0,0,1.0,1.053,0.11109999999999999,1.019,1.1,0.9,0.9,76721.3,746,216,16:59:00,GGAL,2024-12-20,P,4050.0,2024-11-14
GFGV4200DI,67,0.92,0.0,0,1.2,1.2,-0.0984,0.95,1.348,0.89,1.331,379915.5,3708,178,16:59:00,GGAL,2024-12-20,P,4200.0,2024-11-14
GFGV42964D,70,0.91,0.0,0,1.2,1.208,-0.1379,1.06,1.8,0.8,1.392,190202.8,1484,497,16:59:00,GGAL,2024-12-20,P,42964.0,2024-11-14
GFGV4400FE,30,4.35,0.0,0,0.0,0.0,0.0,0.0,0.0,0.0,0.0,0.0,0,0,,GGAL,2025-02-21,P,4400.0,2024-11-14
GFGV4600DI,0,0.0,0.0,0,1.947,1.948,0.0501,1.2,1.99,1.2,1.854,400718.9,2185,540,16:58:00,GGAL,2024-12-20,P,4600.0,2024-11-14
GFGV4600FE,15,6.5,0.0,0,0.0,0.0,0.0,0.0,0.0,0.0,0.0,0.0,0,0,,GGAL,2025-02-21,P,4600.0,2024-11-14
GFGV4800DI,0,0.0,0.0,0,2.99,2.663,0.09720000000000001,2.85,3.395,2.01,2.725,748819.5,2857,342,16:59:00,GGAL,2024-12-20,P,4800.0,2024-11-14
GFGV5000DI,0,0.0,0.0,0,5.34,5.314,-0.009000000000000001,5.0,5.96,2.77,5.389,916096.4,1758,305,16:59:00,GGAL,2024-12-20,P,5000.0,2024-11-14
GFGV50964D,0,0.0,0.0,0,7.45,7.277,-0.0127,7.55,8.35,6.71,7.546,3311438.3,4537,611,16:59:00,GGAL,2024-12-20,P,50964.0,2024-11-14
GFGV5400DI,0,0.0,0.0,0,19.999,19.547,-0.0297,18.25,22.5,17.5,20.612,6255439.5,3096,300,16:59:00,GGAL,2024-12-20,P,5400.0,2024-11-14
GFGV5600DI,0,0.0,0.0,0,38.9,38.388,-0.0315,35.831,50.0,35.0,40.166,11937062.2,3040,445,16:59:00,GGAL,2024-12-20,P,5600.0,2024-11-14
GFGV5800DI,0,0.0,0.0,0,70.0,70.352,-0.0384,70.1,80.0,64.0,72.796,41892112.2,5885,619,16:59:00,GGAL,2024-12-20,P,5800.0,2024-11-14
GFGV58964D,0,0.0,0.0,0,95.0,94.603,-0.0103,90.0,108.5,86.0,95.995,30302903.6,3070,388,16:53:00,GGAL,2024-12-20,P,58964.0,2024-11-14
GFGV60964D,0,0.0,0.0,0,158.05,159.359,0.0184,145.0,175.0,140.0,155.19,86037527.7,5441,778,16:59:00,GGAL,2024-12-20,P,60964.0,2024-11-14
GFGV6200AB,0,0.0,0.0,0,270.0,270.0,0.0384,155.0,270.0,155.0,260.0,65000.0,3,3,16:09:00,GGAL,2025-04-16,P,6200.0,2024-11-14
GFGV6400AB,0,0.0,0.0,0,300.01,300.007,-0.1435,300.001,300.01,300.001,350.31,210002.5,7,4,16:19:00,GGAL,2025-04-16,P,6400.0,2024-11-14
GFGV6400DI,10,120.0,0.0,0,285.0,288.051,0.0084,245.0,313.0,245.0,282.622,74758738.0,2605,388,16:58:00,GGAL,2024-12-20,P,6400.0,2024-11-14
GFGV6600DI,0,0.0,0.0,0,400.0,400.0,0.038900000000000004,379.95,425.09,370.0,385.01,26187800.2,676,121,16:40:00,GGAL,2024-12-20,P,6600.0,2024-11-14
GFGV6800DI,0,0.0,0.0,0,510.0,507.778,-0.0097,500.0,550.0,500.0,515.0,9807941.0,192,50,16:32:00,GGAL,2024-12-20,P,6800.0,2024-11-14
GFGV7000DI,0,0.0,0.0,0,650.0,650.0,-0.1558,635.0,690.0,635.0,770.0,526500.0,8,8,15:52:00,GGAL,2024-12-20,P,7000.0,2024-11-14
LOMC2400AB,0,0.0,800.0,7,0.0,0.0,0.0,0.0,0.0,0.0,0.0,0.0,0,0,,LOMA,2025-04-16,C,2400.0,2024-11-14
METC1700DI,0,0.0,0.0,0,242.8,238.222,0.1843,226.91,246.01,224.73,205.0,4878565.5,208,32,16:58:00,METR,2024-12-20,C,1700.0,2024-11-14
METC1800DI,0,0.0,0.0,0,150.0,150.0,0.0,150.0,180.0,139.0,0.0,1962076.0,125,11,15:57:00,METR,2024-12-20,C,1800.0,2024-11-14
METC1900DI,0,0.0,0.0,0,100.0,101.508,0.1778,90.0,110.0,90.0,84.9,11033794.9,1106,62,16:59:00,METR,2024-12-20,C,1900.0,2024-11-14
METC2000DI,0,0.0,0.0,0,55.0,54.417,0.0,55.0,80.0,46.0,0.0,1368431.0,254,36,16:55:00,METR,2024-12-20,C,2000.0,2024-11-14
METV1600DI,0,0.0,0.0,0,9.5,9.87,0.0,10.24,10.24,9.5,0.0,19740.0,20,2,13:26:00,METR,2024-12-20,P,1600.0,2024-11-14
PAMC3040DI,0,0.0,0.0,0,510.0,510.0,0.022000000000000002,550.0,550.0,490.0,499.0,1307000.0,26,5,16:29:28,PAMP,2024-12-20,C,3040.0,2024-11-14
PAMC3200DI,0,0.0,0.0,0,410.0,410.0,0.20579999999999998,365.0,410.0,365.0,340.0,155500.0,4,4,16:06:00,PAMP,2024-12-20,C,3200.0,2024-11-14
PAMC3300DI,0,0.0,350.0,28,320.0,320.0,0.0818,324.55,324.55,288.1,295.782,2800370.0,92,32,16:58:00,PAMP,2024-12-20,C,3300.0,2024-11-14
PAMC3400DI,0,0.0,0.0,0,235.0,233.5,0.0444,236.65,243.0,212.15,225.0,3388395.2,149,56,16:58:00,PAMP,2024-12-20,C,3400.0,2024-11-14
PAMC3500DI,0,0.0,200.0,3,171.41,170.212,0.0388,178.0,189.0,145.8,165.0,4108016.0,251,72,16:23:00,PAMP,2024-12-20,C,3500.0,2024-11-14
PAMC3500FE,5,250.0,0.0,0,490.0,490.0,0.0583,490.0,490.0,490.0,463.0,49000.0,1,1,16:56:00,PAMP,2025-02-21,C,3500.0,2024-11-14
PAMC3900DI,0,0.0,0.0,0,35.86,35.86,-0.0038,36.83,40.0,34.89,36.0,80781.0,22,10,16:34:00,PAMP,2024-12-20,C,3900.0,2024-11-14
PAMC3900FE,0,0.0,0.0,0,160.0,160.0,0.0,160.0,160.0,160.0,0.0,32000.0,2,1,16:57:00,PAMP,2025-02-21,C,3900.0,2024-11-14
PAMC4100DI,0,0.0,0.0,0,14.54,14.54,0.0,14.54,14.54,14.54,0.0,1454.0,1,1,16:35:00,PAMP,2024-12-20,C,4100.0,2024-11-14
PAMV3040DI,0,0.0,0.0,0,6.28,6.326,-0.5054,6.511,6.511,6.28,12.699,3163.1,5,2,15:57:00,PAMP,2024-12-20,P,3040.0,2024-11-14
PAMV3200DI,0,0.0,0.0,0,25.0,25.5,-0.3221,34.74,34.74,25.0,36.88,31863.0,11,9,16:24:00,PAMP,2024-12-20,P,3200.0,2024-11-14
PAMV3300DI,0,0.0,0.0,0,45.0,45.0,-0.3025,52.57,56.23,45.0,64.519,316172.0,65,28,16:58:00,PAMP,2024-12-20,P,3300.0,2024-11-14
PAMV3400DI,0,0.0,0.0,0,67.3,67.3,-0.23670000000000002,87.0,87.0,67.3,88.17,119931.0,16,16,16:58:00,PAMP,2024-12-20,P,3400.0,2024-11-14
PAMV3500DI,0,0.0,0.0,0,110.0,110.0,-0.19699999999999998,110.36,122.79,110.0,137.0,364054.0,32,16,16:44:00,PAMP,2024-12-20,P,3500.0,2024-11-14
SUPC2400DI,0,0.0,0.0,0,90.0,90.0,0.0297,90.0,90.0,90.0,87.4,45000.0,5,1,11:24:00,SUPV,2024-12-20,C,2400.0,2024-11-14
TECC19459D,0,0.0,0.0,0,900.0,900.0,0.0,900.0,900.0,900.0,0.0,90000.0,1,1,16:21:00,TECO2,2024-12-20,C,19459.0,2024-11-14
TGNC3000DI,0,0.0,0.0,0,840.0,840.0,0.07,840.0,840.0,840.0,785.0,84000.0,1,1,15:38:00,TGNO4,2024-12-20,C,3000.0,2024-11-14
TGNC30982D,4,100.0,0.0,0,810.0,806.25,0.15869999999999998,800.0,810.0,800.0,699.0,645000.0,8,2,15:38:00,TGNO4,2024-12-20,C,30982.0,2024-11-14
TGNC3600DI,0,0.0,0.0,0,320.0,320.0,0.0,250.0,320.0,250.0,0.0,135000.0,5,5,15:46:00,TGNO4,2024-12-20,C,3600.0,2024-11-14
TGSC6300DI,0,0.0,0.0,0,350.0,350.0,3.6979,350.0,350.0,350.0,74.5,35000.0,1,1,16:21:00,TGSU2,2024-12-20,C,6300.0,2024-11-14
TRAC1700DI,0,0.0,0.0,0,560.0,560.0,0.08560000000000001,550.0,560.0,550.0,515.8,2835000.0,51,4,15:45:00,TRAN,2024-12-20,C,1700.0,2024-11-14
TRAC2300DI,0,0.0,0.0,0,70.0,70.0,1.1604,70.0,70.0,70.0,32.4,7000.0,1,1,16:10:00,TRAN,2024-12-20,C,2300.0,2024-11-14
TXAC600.DI,0,0.0,0.0,0,203.48,203.48,-0.1728,203.48,203.48,203.48,246.01,203480.0,10,1,13:33:00,TXAR,2024-12-20,C,600.0,2024-11-14
TXAC800.DI,0,0.0,0.0,0,55.0,55.0,0.22219999999999998,38.0,55.0,38.0,45.0,226450.0,46,13,16:57:00,TXAR,2024-12-20,C,800.0,2024-11-14
TXAC900.DI,0,0.0,0.0,0,9.0,9.0,0.2813,9.0,9.0,9.0,7.024,137700.0,153,5,16:50:00,TXAR,2024-12-20,C,900.0,2024-11-14
YPFC22400D,0,0.0,0.0,0,15339.58,15339.58,0.2316,15065.51,15339.58,15065.51,12454.24,12172001.0,8,5,16:23:00,YPFD,2024-12-20,C,22400.0,2024-11-14
YPFC23500D,0,0.0,0.0,0,14196.28,14196.28,1.0238,14196.28,14196.28,14196.28,7014.38,2839256.0,2,2,16:05:00,YPFD,2024-12-20,C,23500.0,2024-11-14
YPFC25700D,0,0.0,0.0,0,12100.0,12053.06,0.1489,11500.0,12100.0,11500.0,10531.51,8353723.0,7,7,16:10:00,YPFD,2024-12-20,C,25700.0,2024-11-14
YPFC29000D,0,0.0,0.0,0,8433.6,8466.8,0.1552,8450.0,9000.0,8433.6,7300.001,7808314.0,9,8,16:47:00,YPFD,2024-12-20,C,29000.0,2024-11-14
YPFC30100D,0,0.0,0.0,0,7835.999,7823.225,0.2438,7099.999,7835.999,7099.999,6300.0,20996356.4,28,17,16:07:00,YPFD,2024-12-20,C,30100.0,2024-11-14
YPFC31600D,0,0.0,0.0,0,6383.52,6383.52,0.2395,5499.0,6600.0,5400.0,5150.0,87064025.2,142,58,16:56:00,YPFD,2024-12-20,C,31600.0,2024-11-14
YPFC33100D,0,0.0,6000.0,6,5100.0,5100.0,0.275,4749.0,5199.999,4720.0,4000.0,9801937.9,20,18,16:40:00,YPFD,2024-12-20,C,33100.0,2024-11-14
YPFC34600D,0,0.0,0.0,0,3850.0,3864.0,0.305,3260.0,4142.27,3260.0,2950.0,126073883.0,338,100,16:56:00,YPFD,2024-12-20,C,34600.0,2024-11-14
YPFC36100D,0,0.0,0.0,0,2850.0,2812.5,0.469,2367.33,3099.57,2367.33,1940.0,73186279.5,267,86,16:52:00,YPFD,2024-12-20,C,36100.0,2024-11-14
YPFC37600D,0,0.0,0.0,0,1950.0,1950.0,0.4813,1658.82,2150.0,1640.91,1316.338,84911007.8,434,132,16:59:00,YPFD,2024-12-20,C,37600.0,2024-11-14
YPFC37600F,0,0.0,0.0,0,4100.0,4050.0,0.1388,3100.0,4200.0,3100.0,3600.0,11675000.0,29,13,16:57:00,YPFD,2025-02-21,C,37600.0,2024-11-14
YPFC39000D,0,0.0,0.0,0,1350.0,1355.0,0.4608,1200.0,1500.0,1200.0,924.095,55044829.0,400,84,16:56:00,YPFD,2024-12-20,C,39000.0,2024-11-14
YPFC40500D,0,0.0,0.0,0,856.0,921.5,0.4032,770.0,1000.0,770.0,610.0,26727895.9,283,68,16:56:00,YPFD,2024-12-20,C,40500.0,2024-11-14
YPFC46000D,0,0.0,0.0,0,100.0,100.0,0.0,100.0,100.0,100.0,0.0,30000.0,3,1,15:11:00,YPFD,2024-12-20,C,46000.0,2024-11-14
YPFV27900D,0,0.0,0.0,0,22.22,22.22,-0.46840000000000004,28.76,28.76,18.0,41.8,145563.0,70,18,16:41:00,YPFD,2024-12-20,P,27900.0,2024-11-14
YPFV29000D,0,0.0,400.0,12,42.23,39.41,-0.5307,49.66,50.27,38.0,90.0,146661.0,31,7,16:41:00,YPFD,2024-12-20,P,29000.0,2024-11-14
YPFV30100D,0,0.0,0.0,0,74.78,76.52,-0.5014,107.67,107.67,74.78,150.0,218370.0,25,13,15:53:00,YPFD,2024-12-20,P,30100.0,2024-11-14
YPFV31600D,0,0.0,0.0,0,152.06,152.06,-0.4416,248.0,248.0,152.06,272.35,176232.0,9,8,14:12:00,YPFD,2024-12-20,P,31600.0,2024-11-14
YPFV33100D,0,0.0,0.0,0,310.0,310.0,-0.4167,488.29,488.29,310.0,531.475,1095029.0,29,16,16:26:00,YPFD,2024-12-20,P,33100.0,2024-11-14
YPFV34600D,0,0.0,0.0,0,667.88,667.88,-0.3321,780.32,780.32,667.88,1000.0,211608.0,3,2,16:34:00,YPFD,2024-12-20,P,34600.0,2024-11-14
YPFV36100D,0,0.0,0.0,0,1011.2,1011.2,-0.40509999999999996,1246.51,1300.0,1011.2,1700.0,978124.0,8,6,16:52:00,YPFD,2024-12-20,P,36100.0,2024-11-14
